ID_SPOOL;TAG_SPOOL;ID_ISO;NUMERO_SPOOL;TIPO_SPOOL;REV_ORIGEN;REV_VIGENTE;ESTADO_VALIDEZ;AREA_GENERAL;AREA_CONEXION;MAX_NPS_SPOOL;APLICA_PWHT;TEST_PACK;AWP_IWP ;SEMANA_PROGRAMADA;PRIORIDAD_DESPACHO;METROS_LINEALES;RESPONSABLE_LOGISTICA;ESTADO_FABRICACION;ESTADO_CICLO_VIDA;UBICACION_ACTUAL;CICLO_PINTURA;RAL_COLOR;OBSERVACIONES_NOTAS;FECHA_INICIO_FAB;FECHA_FIN_FAB;FECHA_ENVIO_PINTURA;FECHA_RECEPCION_PINTURA;FECHA_DESPACHO_PROYECTADA;FECHA_DESPACHO_REAL;FECHA_LLEGADA_TERRENO
"03351-CT-10""-C3-0079-R3_HOJA-1_SP01";0001;"03351-CT-10""-C3-0079-R3_HOJA-1";SP01;Especial;0;0;Válido;03351;TORRE TRASFERENCIA;10;;;;;;;;🟢 N/A;;;;;Junta de Expansion;;;;;;;
"03351-CT-3""-C2-0012-N_HOJA-1_SP01";0002;"03351-CT-3""-C2-0012-N_HOJA-1";SP01;Large Bore;0;0;Válido;03351;;3;;;;;;;;⚪ PENDIENTE;Pendiente;;;;;;;;;;;
"03351-CT-3""-C2-0012-N_HOJA-1_SP02";0003;"03351-CT-3""-C2-0012-N_HOJA-1";SP02;Large Bore;0;0;Válido;03351;;;;;;;;;;⚪ PENDIENTE;Pendiente;;;;;;;;;;;
03351-CT-200-H2-0002-N_HOJA-1_SP01;0004;03351-CT-200-H2-0002-N_HOJA-1;SP01;;0;;Válido;03351;;;;;;;;;;⚪ PENDIENTE;;;;;;;;;;;;
03351-CT-200-H2-0002-N_HOJA-1_SP02;0005;03351-CT-200-H2-0002-N_HOJA-1;SP02;;0;;Válido;03351;;;;;;;;;;⚪ PENDIENTE;;;;;;;;;;;;
03351-CT-200-H2-0002-N_HOJA-1_SP03;0006;03351-CT-200-H2-0002-N_HOJA-1;SP03;;0;;Válido;03351;;;;;;;;;;⚪ PENDIENTE;;;;;;;;;;;;
03351-CT-200-H2-0002-N_HOJA-1_SP04;0007;03351-CT-200-H2-0002-N_HOJA-1;SP04;;0;;Válido;03351;;;;;;;;;;⚪ PENDIENTE;;;;;;;;;;;;
03351-CT-200-H2-0002-N_HOJA-1_SP05;0008;03351-CT-200-H2-0002-N_HOJA-1;SP05;;0;;Válido;03351;;;;;;;;;;⚪ PENDIENTE;;;;;;;;;;;;
03351-CT-200-H2-0002-N_HOJA-1_SP06;0009;03351-CT-200-H2-0002-N_HOJA-1;SP06;;0;;Válido;03351;;;;;;;;;;⚪ PENDIENTE;;;;;;;;;;;;
03351-CT-200-H2-0002-N_HOJA-1_SP07;0010;03351-CT-200-H2-0002-N_HOJA-1;SP07;;0;;Válido;03351;;;;;;;;;;⚪ PENDIENTE;;;;;;;;;;;;
03351-CT-200-H2-0002-N_HOJA-1_SP08;0011;03351-CT-200-H2-0002-N_HOJA-1;SP08;;0;;Válido;03351;;;;;;;;;;⚪ PENDIENTE;;;;;;;;;;;;
03351-CT-200-H2-0002-N_HOJA-1_SP09;0012;03351-CT-200-H2-0002-N_HOJA-1;SP09;;0;;Válido;03351;;;;;;;;;;⚪ PENDIENTE;;;;;;;;;;;;
03351-CT-200-H2-0002-N_HOJA-1_SP10;0013;03351-CT-200-H2-0002-N_HOJA-1;SP10;;0;;Válido;03351;;;;;;;;;;⚪ PENDIENTE;;;;;;;;;;;;
03351-CT-200-H2-0002-N_HOJA-2_SP01;0014;03351-CT-200-H2-0002-N_HOJA-2;SP01;;0;;Válido;03351;;;;;;;;;;⚪ PENDIENTE;;;;;;;;;;;;
03351-CT-200-H2-0002-N_HOJA-2_SP02;0015;03351-CT-200-H2-0002-N_HOJA-2;SP02;;0;;Válido;03351;;;;;;;;;;⚪ PENDIENTE;;;;;;;;;;;;
03351-CT-200-H2-0002-N_HOJA-2_SP03;0016;03351-CT-200-H2-0002-N_HOJA-2;SP03;;0;;Válido;03351;;;;;;;;;;⚪ PENDIENTE;;;;;;;;;;;;
03351-CT-200-H2-0002-N_HOJA-2_SP04;0017;03351-CT-200-H2-0002-N_HOJA-2;SP04;;0;;Válido;03351;;;;;;;;;;⚪ PENDIENTE;;;;;;;;;;;;
03351-CT-200-H2-0002-N_HOJA-2_SP05;0018;03351-CT-200-H2-0002-N_HOJA-2;SP05;;0;;Válido;03351;;;;;;;;;;⚪ PENDIENTE;;;;;;;;;;;;
03351-CT-200-H2-0002-N_HOJA-2_SP06;0019;03351-CT-200-H2-0002-N_HOJA-2;SP06;;0;;Válido;03351;;;;;;;;;;⚪ PENDIENTE;;;;;;;;;;;;
03351-CT-200-H2-0002-N_HOJA-2_SP07;0020;03351-CT-200-H2-0002-N_HOJA-2;SP07;;0;;Válido;03351;;;;;;;;;;⚪ PENDIENTE;;;;;;;;;;;;
03351-CT-200-H2-0002-N_HOJA-2_SP08;0021;03351-CT-200-H2-0002-N_HOJA-2;SP08;;0;;Válido;03351;;;;;;;;;;⚪ PENDIENTE;;;;;;;;;;;;
03351-CT-200-H2-0002-N_HOJA-2_SP09;0022;03351-CT-200-H2-0002-N_HOJA-2;SP09;;0;;Válido;03351;;;;;;;;;;⚪ PENDIENTE;;;;;;;;;;;;
03351-CT-200-H2-0002-N_HOJA-3_SP01;0023;03351-CT-200-H2-0002-N_HOJA-3;SP01;;0;;Válido;03351;;;;;;;;;;⚪ PENDIENTE;;;;;;;;;;;;
03351-CT-200-H2-0002-N_HOJA-3_SP02;0024;03351-CT-200-H2-0002-N_HOJA-3;SP02;;0;;Válido;03351;;;;;;;;;;⚪ PENDIENTE;;;;;;;;;;;;
03351-CT-200-H2-0002-N_HOJA-3_SP03;0025;03351-CT-200-H2-0002-N_HOJA-3;SP03;;0;;Válido;03351;;;;;;;;;;⚪ PENDIENTE;;;;;;;;;;;;
03351-CT-200-H2-0002-N_HOJA-4_SP01;0026;03351-CT-200-H2-0002-N_HOJA-4;SP01;;0;;Válido;03351;;;;;;;;;;⚪ PENDIENTE;;;;;;;;;;;;
03351-CT-200-H2-0002-N_HOJA-4_SP02;0027;03351-CT-200-H2-0002-N_HOJA-4;SP02;;0;;Válido;03351;;;;;;;;;;⚪ PENDIENTE;;;;;;;;;;;;
03351-CT-200-H2-0002-N_HOJA-4_SP03;0028;03351-CT-200-H2-0002-N_HOJA-4;SP03;;0;;Válido;03351;;;;;;;;;;⚪ PENDIENTE;;;;;;;;;;;;
03351-CT-200-H2-0002-N_HOJA-5_SP01;0029;03351-CT-200-H2-0002-N_HOJA-5;SP01;;0;;Válido;03351;;;;;;;;;;⚪ PENDIENTE;;;;;;;;;;;;
03351-CT-200-H2-0002-N_HOJA-5_SP02;0030;03351-CT-200-H2-0002-N_HOJA-5;SP02;;0;;Válido;03351;;;;;;;;;;⚪ PENDIENTE;;;;;;;;;;;;
03351-CT-200-H2-0002-N_HOJA-5_SP03;0031;03351-CT-200-H2-0002-N_HOJA-5;SP03;;0;;Válido;03351;;;;;;;;;;⚪ PENDIENTE;;;;;;;;;;;;
03351-CT-200-H2-0002-N_HOJA-5_SP04;0032;03351-CT-200-H2-0002-N_HOJA-5;SP04;;0;;Válido;03351;;;;;;;;;;⚪ PENDIENTE;;;;;;;;;;;;
03351-CT-200-H2-0002-N_HOJA-5_SP05;0033;03351-CT-200-H2-0002-N_HOJA-5;SP05;;0;;Válido;03351;;;;;;;;;;⚪ PENDIENTE;;;;;;;;;;;;
03351-CT-200-H2-0002-N_HOJA-5_SP06;0034;03351-CT-200-H2-0002-N_HOJA-5;SP06;;0;;Válido;03351;;;;;;;;;;⚪ PENDIENTE;;;;;;;;;;;;
03351-CT-200-H2-0002-N_HOJA-5_SP07;0035;03351-CT-200-H2-0002-N_HOJA-5;SP07;;0;;Válido;03351;;;;;;;;;;⚪ PENDIENTE;;;;;;;;;;;;
03351-CT-200-H2-0002-N_HOJA-5_SP08;0036;03351-CT-200-H2-0002-N_HOJA-5;SP08;;0;;Válido;03351;;;;;;;;;;⚪ PENDIENTE;;;;;;;;;;;;
03351-CT-200-H2-0002-N_HOJA-5_SP09;0037;03351-CT-200-H2-0002-N_HOJA-5;SP09;;0;;Válido;03351;;;;;;;;;;⚪ PENDIENTE;;;;;;;;;;;;
03351-CT-200-H2-0045-N_HOJA-1_SP01;0038;03351-CT-200-H2-0045-N_HOJA-1;SP01;;0;;Válido;03351;;;;;;;;;;⚪ PENDIENTE;;;;;;;;;;;;
03351-CT-200-H2-0045-N_HOJA-1_SP02;0039;03351-CT-200-H2-0045-N_HOJA-1;SP02;;0;;Válido;03351;;;;;;;;;;⚪ PENDIENTE;;;;;;;;;;;;
"03351-CT-3""-C2-0059-N_HOJA-1_SP01";0040;"03351-CT-3""-C2-0059-N_HOJA-1";SP01;;0;;Válido;03351;;;;;;;;;;⚪ PENDIENTE;;;;;;;;;;;;
"03351-CT-3""-C2-0060-N_HOJA-1_SP01";0041;"03351-CT-3""-C2-0060-N_HOJA-1";SP01;;0;;Válido;03351;;;;;;;;;;⚪ PENDIENTE;;;;;;;;;;;;
"03351-CT-3""-C2-0061-N_HOJA-1_SP01";0042;"03351-CT-3""-C2-0061-N_HOJA-1";SP01;;0;;Válido;03351;;;;;;;;;;⚪ PENDIENTE;;;;;;;;;;;;
"03351-CT-3""-C2-0062-N_HOJA-1_SP01";0043;"03351-CT-3""-C2-0062-N_HOJA-1";SP01;;0;;Válido;03351;;;;;;;;;;⚪ PENDIENTE;;;;;;;;;;;;
"03351-CT-3""-C2-0063-N_HOJA-1_SP01";0044;"03351-CT-3""-C2-0063-N_HOJA-1";SP01;;0;;Válido;03351;;;;;;;;;;⚪ PENDIENTE;;;;;;;;;;;;
"03351-CT-3""-C2-0064-N_HOJA-1_SP01";0045;"03351-CT-3""-C2-0064-N_HOJA-1";SP01;;0;;Válido;03351;;;;;;;;;;⚪ PENDIENTE;;;;;;;;;;;;
"03351-CT-3""-C2-0065-N_HOJA-1_SP01";0046;"03351-CT-3""-C2-0065-N_HOJA-1";SP01;;0;;Válido;03351;;;;;;;;;;⚪ PENDIENTE;;;;;;;;;;;;
"03351-CT-3""-C2-0065-N_HOJA-1_SP02";0047;"03351-CT-3""-C2-0065-N_HOJA-1";SP02;;0;;Válido;03351;;;;;;;;;;⚪ PENDIENTE;;;;;;;;;;;;
"03351-CT-3""-C2-0066-N_HOJA-1_SP01";0048;"03351-CT-3""-C2-0066-N_HOJA-1";SP01;;0;;Válido;03351;;;;;;;;;;⚪ PENDIENTE;;;;;;;;;;;;
"03351-CT-3""-C2-0067-N_HOJA-1_SP01";0049;"03351-CT-3""-C2-0067-N_HOJA-1";SP01;;0;;Válido;03351;;;;;;;;;;⚪ PENDIENTE;;;;;;;;;;;;
"03351-CT-3""-C2-0068-N_HOJA-1_SP01";0050;"03351-CT-3""-C2-0068-N_HOJA-1";SP01;;0;;Válido;03351;;;;;;;;;;⚪ PENDIENTE;;;;;;;;;;;;
"03351-CT-3""-C2-0069-N_HOJA-1_SP01";0051;"03351-CT-3""-C2-0069-N_HOJA-1";SP01;;0;;Válido;03351;;;;;;;;;;⚪ PENDIENTE;;;;;;;;;;;;
"03351-CT-3""-C2-0069-N_HOJA-1_SP02";0052;"03351-CT-3""-C2-0069-N_HOJA-1";SP02;;0;;Válido;03351;;;;;;;;;;⚪ PENDIENTE;;;;;;;;;;;;
"03351-CT-3""-C2-0070-N_HOJA-1_SP01";0053;"03351-CT-3""-C2-0070-N_HOJA-1";SP01;;0;;Válido;03351;;;;;;;;;;⚪ PENDIENTE;;;;;;;;;;;;
"03351-CT-3""-C2-0071-N_HOJA-1_SP01";0054;"03351-CT-3""-C2-0071-N_HOJA-1";SP01;;0;;Válido;03351;;;;;;;;;;⚪ PENDIENTE;;;;;;;;;;;;
"03351-CT-3""-C2-0072-N_HOJA-1_SP01";0055;"03351-CT-3""-C2-0072-N_HOJA-1";SP01;;0;;Válido;03351;;;;;;;;;;⚪ PENDIENTE;;;;;;;;;;;;
"03351-CT-3""-C2-0074-N_HOJA-1_SP01";0056;"03351-CT-3""-C2-0074-N_HOJA-1";SP01;;0;;Válido;03351;;;;;;;;;;⚪ PENDIENTE;;;;;;;;;;;;
"03351-CT-3""-C2-0074-N_HOJA-1_SP02";0057;"03351-CT-3""-C2-0074-N_HOJA-1";SP02;;0;;Válido;03351;;;;;;;;;;⚪ PENDIENTE;;;;;;;;;;;;
"03351-CT-3""-C2-0086-N_HOJA-1_SP01";0058;"03351-CT-3""-C2-0086-N_HOJA-1";SP01;;0;;Válido;03351;;;;;;;;;;⚪ PENDIENTE;;;;;;;;;;;;
"03351-CT-4""-C2-0003-N_HOJA-1_SP01";0059;"03351-CT-4""-C2-0003-N_HOJA-1";SP01;;0;;Válido;03351;;;;;;;;;;⚪ PENDIENTE;;;;;;;;;;;;
"03351-CT-4""-C2-0003-N_HOJA-1_SP02";0060;"03351-CT-4""-C2-0003-N_HOJA-1";SP02;;0;;Válido;03351;;;;;;;;;;⚪ PENDIENTE;;;;;;;;;;;;
"03351-CT-4""-C2-0003-N_HOJA-1_SP03";0061;"03351-CT-4""-C2-0003-N_HOJA-1";SP03;;0;;Válido;03351;;;;;;;;;;⚪ PENDIENTE;;;;;;;;;;;;
"03351-CT-4""-C2-0003-N_HOJA-1_SP04";0062;"03351-CT-4""-C2-0003-N_HOJA-1";SP04;;0;;Válido;03351;;;;;;;;;;⚪ PENDIENTE;;;;;;;;;;;;
"03351-CT-4""-C2-0003-N_HOJA-1_SP05";0063;"03351-CT-4""-C2-0003-N_HOJA-1";SP05;;0;;Válido;03351;;;;;;;;;;⚪ PENDIENTE;;;;;;;;;;;;
"03351-CT-4""-C2-0004-N_HOJA-1_SP01";0064;"03351-CT-4""-C2-0004-N_HOJA-1";SP01;;0;;Válido;03351;;;;;;;;;;⚪ PENDIENTE;;;;;;;;;;;;
"03351-CT-4""-C2-0004-N_HOJA-1_SP02";0065;"03351-CT-4""-C2-0004-N_HOJA-1";SP02;;0;;Válido;03351;;;;;;;;;;⚪ PENDIENTE;;;;;;;;;;;;
"03351-CT-4""-C2-0004-N_HOJA-1_SP03";0066;"03351-CT-4""-C2-0004-N_HOJA-1";SP03;;0;;Válido;03351;;;;;;;;;;⚪ PENDIENTE;;;;;;;;;;;;
"03351-CT-4""-C2-0004-N_HOJA-1_SP04";0067;"03351-CT-4""-C2-0004-N_HOJA-1";SP04;;0;;Válido;03351;;;;;;;;;;⚪ PENDIENTE;;;;;;;;;;;;
"03351-CT-4""-C3-0015-R3_HOJA-1_SP01";0068;"03351-CT-4""-C3-0015-R3_HOJA-1";SP01;;0;;Válido;03351;;;;;;;;;;⚪ PENDIENTE;;;;;;;;;;;;
"03351-CT-4""-C3-0015-R3_HOJA-1_SP02";0069;"03351-CT-4""-C3-0015-R3_HOJA-1";SP02;;0;;Válido;03351;;;;;;;;;;⚪ PENDIENTE;;;;;;;;;;;;
"03351-CT-4""-C3-0015-R3_HOJA-1_SP03";0070;"03351-CT-4""-C3-0015-R3_HOJA-1";SP03;;0;;Válido;03351;;;;;;;;;;⚪ PENDIENTE;;;;;;;;;;;;
"03351-CT-4""-C3-0015-R3_HOJA-1_SP04";0071;"03351-CT-4""-C3-0015-R3_HOJA-1";SP04;;0;;Válido;03351;;;;;;;;;;⚪ PENDIENTE;;;;;;;;;;;;
"03351-CT-4""-C3-0015-R3_HOJA-1_SP05";0072;"03351-CT-4""-C3-0015-R3_HOJA-1";SP05;;0;;Válido;03351;;;;;;;;;;⚪ PENDIENTE;;;;;;;;;;;;
"03351-CT-4""-C3-0015-R3_HOJA-2_SP01";0073;"03351-CT-4""-C3-0015-R3_HOJA-2";SP01;;0;;Válido;03351;;;;;;;;;;⚪ PENDIENTE;;;;;;;;;;;;
"03351-CT-4""-C3-0015-R3_HOJA-2_SP02";0074;"03351-CT-4""-C3-0015-R3_HOJA-2";SP02;;0;;Válido;03351;;;;;;;;;;⚪ PENDIENTE;;;;;;;;;;;;
"03351-CT-4""-C3-0017-R3_HOJA-1_SP01";0075;"03351-CT-4""-C3-0017-R3_HOJA-1";SP01;;0;;Válido;03351;;;;;;;;;;⚪ PENDIENTE;;;;;;;;;;;;
"03351-CT-4""-C3-0017-R3_HOJA-1_SP02";0076;"03351-CT-4""-C3-0017-R3_HOJA-1";SP02;;0;;Válido;03351;;;;;;;;;;⚪ PENDIENTE;;;;;;;;;;;;
"03351-CT-4""-C3-0077-R3_HOJA-1_SP01";0077;"03351-CT-4""-C3-0077-R3_HOJA-1";SP01;;0;;Válido;03351;;;;;;;;;;⚪ PENDIENTE;;;;;;;;;;;;
"03351-CT-4""-C3-0077-R3_HOJA-1_SP02";0078;"03351-CT-4""-C3-0077-R3_HOJA-1";SP02;;0;;Válido;03351;;;;;;;;;;⚪ PENDIENTE;;;;;;;;;;;;
03351-CT-400-H1-0057-N_HOJA-1_SP01;0079;03351-CT-400-H1-0057-N_HOJA-1;SP01;;0;;Válido;03351;;;;;;;;;;⚪ PENDIENTE;;;;;;;;;;;;
03351-CT-400-H1-0057-N_HOJA-1_SP02;0080;03351-CT-400-H1-0057-N_HOJA-1;SP02;;0;;Válido;03351;;;;;;;;;;⚪ PENDIENTE;;;;;;;;;;;;
03351-CT-400-H1-0058-N_HOJA-1_SP01;0081;03351-CT-400-H1-0058-N_HOJA-1;SP01;;0;;Válido;03351;;;;;;;;;;⚪ PENDIENTE;;;;;;;;;;;;
03351-CT-400-H1-0058-N_HOJA-1_SP02;0082;03351-CT-400-H1-0058-N_HOJA-1;SP02;;0;;Válido;03351;;;;;;;;;;⚪ PENDIENTE;;;;;;;;;;;;
"03351-CT-6""-C11-0001-N_HOJA-1_SP01";0083;"03351-CT-6""-C11-0001-N_HOJA-1";SP01;;0;;Válido;03351;;;;;;;;;;⚪ PENDIENTE;;;;;;;;;;;;
"03351-CT-6""-C11-0001-N_HOJA-1_SP02";0084;"03351-CT-6""-C11-0001-N_HOJA-1";SP02;;0;;Válido;03351;;;;;;;;;;⚪ PENDIENTE;;;;;;;;;;;;
"03351-CT-6""-C11-0001-N_HOJA-1_SP03";0085;"03351-CT-6""-C11-0001-N_HOJA-1";SP03;;0;;Válido;03351;;;;;;;;;;⚪ PENDIENTE;;;;;;;;;;;;
"03351-CT-6""-C11-0001-N_HOJA-2_SP01";0086;"03351-CT-6""-C11-0001-N_HOJA-2";SP01;;0;;Válido;03351;;;;;;;;;;⚪ PENDIENTE;;;;;;;;;;;;
"03351-CT-6""-C11-0001-N_HOJA-2_SP02";0087;"03351-CT-6""-C11-0001-N_HOJA-2";SP02;;0;;Válido;03351;;;;;;;;;;⚪ PENDIENTE;;;;;;;;;;;;
"03351-CT-6""-C11-0001-N_HOJA-2_SP03";0088;"03351-CT-6""-C11-0001-N_HOJA-2";SP03;;0;;Válido;03351;;;;;;;;;;⚪ PENDIENTE;;;;;;;;;;;;
"03351-CT-6""-C11-0001-N_HOJA-3_SP01";0089;"03351-CT-6""-C11-0001-N_HOJA-3";SP01;;0;;Válido;03351;;;;;;;;;;⚪ PENDIENTE;;;;;;;;;;;;
"03351-CT-6""-C11-0001-N_HOJA-3_SP02";0090;"03351-CT-6""-C11-0001-N_HOJA-3";SP02;;0;;Válido;03351;;;;;;;;;;⚪ PENDIENTE;;;;;;;;;;;;
"03351-CT-6""-C11-0001-N_HOJA-3_SP03";0091;"03351-CT-6""-C11-0001-N_HOJA-3";SP03;;0;;Válido;03351;;;;;;;;;;⚪ PENDIENTE;;;;;;;;;;;;
"03351-CT-6""-C11-0001-N_HOJA-3_SP04";0092;"03351-CT-6""-C11-0001-N_HOJA-3";SP04;;0;;Válido;03351;;;;;;;;;;⚪ PENDIENTE;;;;;;;;;;;;
"03351-CT-6""-C11-0001-N_HOJA-4_SP01";0093;"03351-CT-6""-C11-0001-N_HOJA-4";SP01;;0;;Válido;03351;;;;;;;;;;⚪ PENDIENTE;;;;;;;;;;;;
"03351-CT-6""-C11-0001-N_HOJA-4_SP02";0094;"03351-CT-6""-C11-0001-N_HOJA-4";SP02;;0;;Válido;03351;;;;;;;;;;⚪ PENDIENTE;;;;;;;;;;;;
"03351-CT-6""-C11-0001-N_HOJA-4_SP03";0095;"03351-CT-6""-C11-0001-N_HOJA-4";SP03;;0;;Válido;03351;;;;;;;;;;⚪ PENDIENTE;;;;;;;;;;;;
"03351-CT-6""-C11-0001-N_HOJA-4_SP04";0096;"03351-CT-6""-C11-0001-N_HOJA-4";SP04;;0;;Válido;03351;;;;;;;;;;⚪ PENDIENTE;;;;;;;;;;;;
"03351-CT-6""-C11-0001-N_HOJA-4_SP05";0097;"03351-CT-6""-C11-0001-N_HOJA-4";SP05;;0;;Válido;03351;;;;;;;;;;⚪ PENDIENTE;;;;;;;;;;;;
"03351-CT-6""-C11-0001-N_HOJA-5_SP01";0098;"03351-CT-6""-C11-0001-N_HOJA-5";SP01;;0;;Válido;03351;;;;;;;;;;⚪ PENDIENTE;;;;;;;;;;;;
"03351-CT-6""-C11-0001-N_HOJA-5_SP02";0099;"03351-CT-6""-C11-0001-N_HOJA-5";SP02;;0;;Válido;03351;;;;;;;;;;⚪ PENDIENTE;;;;;;;;;;;;
"03351-CT-6""-C11-0001-N_HOJA-5_SP03";0100;"03351-CT-6""-C11-0001-N_HOJA-5";SP03;;0;;Válido;03351;;;;;;;;;;⚪ PENDIENTE;;;;;;;;;;;;
"03351-CT-6""-C11-0001-N_HOJA-5_SP04";0101;"03351-CT-6""-C11-0001-N_HOJA-5";SP04;;0;;Válido;03351;;;;;;;;;;⚪ PENDIENTE;;;;;;;;;;;;
"03351-CT-6""-C11-0001-N_HOJA-6_SP01";0102;"03351-CT-6""-C11-0001-N_HOJA-6";SP01;;0;;Válido;03351;;;;;;;;;;⚪ PENDIENTE;;;;;;;;;;;;
"03351-CT-6""-C11-0001-N_HOJA-6_SP02";0103;"03351-CT-6""-C11-0001-N_HOJA-6";SP02;;0;;Válido;03351;;;;;;;;;;⚪ PENDIENTE;;;;;;;;;;;;
"03351-CT-6""-C11-0001-N_HOJA-6_SP03";0104;"03351-CT-6""-C11-0001-N_HOJA-6";SP03;;0;;Válido;03351;;;;;;;;;;⚪ PENDIENTE;;;;;;;;;;;;
"03351-CT-6""-C11-0001-N_HOJA-6_SP04";0105;"03351-CT-6""-C11-0001-N_HOJA-6";SP04;;0;;Válido;03351;;;;;;;;;;⚪ PENDIENTE;;;;;;;;;;;;
"03351-CT-6""-C11-0001-N_HOJA-6_SP05";0106;"03351-CT-6""-C11-0001-N_HOJA-6";SP05;;0;;Válido;03351;;;;;;;;;;⚪ PENDIENTE;;;;;;;;;;;;
"03351-CT-6""-C11-0001-N_HOJA-7_SP01";0107;"03351-CT-6""-C11-0001-N_HOJA-7";SP01;;0;;Válido;03351;;;;;;;;;;⚪ PENDIENTE;;;;;;;;;;;;
"03351-CT-6""-C11-0001-N_HOJA-7_SP02";0108;"03351-CT-6""-C11-0001-N_HOJA-7";SP02;;0;;Válido;03351;;;;;;;;;;⚪ PENDIENTE;;;;;;;;;;;;
"03351-CT-6""-C11-0001-N_HOJA-8_SP01";0109;"03351-CT-6""-C11-0001-N_HOJA-8";SP01;;0;;Válido;03351;;;;;;;;;;⚪ PENDIENTE;;;;;;;;;;;;
"03351-CT-6""-C11-0001-N_HOJA-8_SP02";0110;"03351-CT-6""-C11-0001-N_HOJA-8";SP02;;0;;Válido;03351;;;;;;;;;;⚪ PENDIENTE;;;;;;;;;;;;
"03351-CT-6""-C11-0001-N_HOJA-9_SP01";0111;"03351-CT-6""-C11-0001-N_HOJA-9";SP01;;0;;Válido;03351;;;;;;;;;;⚪ PENDIENTE;;;;;;;;;;;;
"03351-CT-6""-C11-0001-N_HOJA-9_SP02";0112;"03351-CT-6""-C11-0001-N_HOJA-9";SP02;;0;;Válido;03351;;;;;;;;;;⚪ PENDIENTE;;;;;;;;;;;;
"03351-CT-6""-C11-0001-N_HOJA-9_SP03";0113;"03351-CT-6""-C11-0001-N_HOJA-9";SP03;;0;;Válido;03351;;;;;;;;;;⚪ PENDIENTE;;;;;;;;;;;;
"03351-CT-6""-C11-0001-N_HOJA-9_SP04";0114;"03351-CT-6""-C11-0001-N_HOJA-9";SP04;;0;;Válido;03351;;;;;;;;;;⚪ PENDIENTE;;;;;;;;;;;;
"03351-CT-6""-C11-0001-N_HOJA-10_SP01";0115;"03351-CT-6""-C11-0001-N_HOJA-10";SP01;;0;;Válido;03351;;;;;;;;;;⚪ PENDIENTE;;;;;;;;;;;;
"03351-CT-6""-C11-0001-N_HOJA-10_SP02";0116;"03351-CT-6""-C11-0001-N_HOJA-10";SP02;;0;;Válido;03351;;;;;;;;;;⚪ PENDIENTE;;;;;;;;;;;;
"03351-CT-6""-C2-0047-N_HOJA-1_SP01";0117;"03351-CT-6""-C2-0047-N_HOJA-1";SP01;;0;;Válido;03351;;;;;;;;;;⚪ PENDIENTE;;;;;;;;;;;;
"03351-CT-6""-C2-0047-N_HOJA-2_SP01";0118;"03351-CT-6""-C2-0047-N_HOJA-2";SP01;;0;;Válido;03351;;;;;;;;;;⚪ PENDIENTE;;;;;;;;;;;;
"03351-CT-6""-C3-0005-R3_HOJA-1_SP01";0119;"03351-CT-6""-C3-0005-R3_HOJA-1";SP01;;0;;Válido;03351;;;;;;;;;;⚪ PENDIENTE;;;;;;;;;;;;
"03351-CT-6""-C3-0005-R3_HOJA-2_SP01";0120;"03351-CT-6""-C3-0005-R3_HOJA-2";SP01;;0;;Válido;03351;;;;;;;;;;⚪ PENDIENTE;;;;;;;;;;;;
"03351-CT-6""-C3-0005-R3_HOJA-3_SP01";0121;"03351-CT-6""-C3-0005-R3_HOJA-3";SP01;;0;;Válido;03351;;;;;;;;;;⚪ PENDIENTE;;;;;;;;;;;;
"03351-CT-6""-C3-0006-R3_HOJA-1_SP01";0122;"03351-CT-6""-C3-0006-R3_HOJA-1";SP01;;0;;Válido;03351;;;;;;;;;;⚪ PENDIENTE;;;;;;;;;;;;
"03351-CT-6""-C3-0006-R3_HOJA-2_SP01";0123;"03351-CT-6""-C3-0006-R3_HOJA-2";SP01;;0;;Válido;03351;;;;;;;;;;⚪ PENDIENTE;;;;;;;;;;;;
"03351-CT-6""-C3-0006-R3_HOJA-3_SP01";0124;"03351-CT-6""-C3-0006-R3_HOJA-3";SP01;;0;;Válido;03351;;;;;;;;;;⚪ PENDIENTE;;;;;;;;;;;;
"03351-CT-6""-C3-0007-R3_HOJA-1_SP01";0125;"03351-CT-6""-C3-0007-R3_HOJA-1";SP01;;0;;Válido;03351;;;;;;;;;;⚪ PENDIENTE;;;;;;;;;;;;
"03351-CT-6""-C3-0007-R3_HOJA-2_SP01";0126;"03351-CT-6""-C3-0007-R3_HOJA-2";SP01;;0;;Válido;03351;;;;;;;;;;⚪ PENDIENTE;;;;;;;;;;;;
"03351-CT-6""-C3-0007-R3_HOJA-3_SP01";0127;"03351-CT-6""-C3-0007-R3_HOJA-3";SP01;;0;;Válido;03351;;;;;;;;;;⚪ PENDIENTE;;;;;;;;;;;;
"03351-CT-6""-C3-0018-R3_HOJA-1_SP01";0128;"03351-CT-6""-C3-0018-R3_HOJA-1";SP01;;0;;Válido;03351;;;;;;;;;;⚪ PENDIENTE;;;;;;;;;;;;
"03351-CT-6""-C3-0018-R3_HOJA-1_SP02";0129;"03351-CT-6""-C3-0018-R3_HOJA-1";SP02;;0;;Válido;03351;;;;;;;;;;⚪ PENDIENTE;;;;;;;;;;;;
"03351-CT-6""-C3-0018-R3_HOJA-2_SP01";0130;"03351-CT-6""-C3-0018-R3_HOJA-2";SP01;;0;;Válido;03351;;;;;;;;;;⚪ PENDIENTE;;;;;;;;;;;;
"03351-CT-6""-C3-0018-R3_HOJA-2_SP02";0131;"03351-CT-6""-C3-0018-R3_HOJA-2";SP02;;0;;Válido;03351;;;;;;;;;;⚪ PENDIENTE;;;;;;;;;;;;
"03351-CT-6""-C3-0018-R3_HOJA-3_SP01";0132;"03351-CT-6""-C3-0018-R3_HOJA-3";SP01;;0;;Válido;03351;;;;;;;;;;⚪ PENDIENTE;;;;;;;;;;;;
"03351-CT-6""-C3-0018-R3_HOJA-3_SP02";0133;"03351-CT-6""-C3-0018-R3_HOJA-3";SP02;;0;;Válido;03351;;;;;;;;;;⚪ PENDIENTE;;;;;;;;;;;;
"03351-CT-6""-C3-0018-R3_HOJA-4_SP01";0134;"03351-CT-6""-C3-0018-R3_HOJA-4";SP01;;0;;Válido;03351;;;;;;;;;;⚪ PENDIENTE;;;;;;;;;;;;
"03351-CT-6""-C3-0018-R3_HOJA-4_SP02";0135;"03351-CT-6""-C3-0018-R3_HOJA-4";SP02;;0;;Válido;03351;;;;;;;;;;⚪ PENDIENTE;;;;;;;;;;;;
"03351-CT-6""-C3-0018-R3_HOJA-5_SP01";0136;"03351-CT-6""-C3-0018-R3_HOJA-5";SP01;;0;;Válido;03351;;;;;;;;;;⚪ PENDIENTE;;;;;;;;;;;;
"03351-CT-6""-C3-0018-R3_HOJA-6_SP01";0137;"03351-CT-6""-C3-0018-R3_HOJA-6";SP01;;0;;Válido;03351;;;;;;;;;;⚪ PENDIENTE;;;;;;;;;;;;
"03351-CT-6""-C3-0018-R3_HOJA-6_SP02";0138;"03351-CT-6""-C3-0018-R3_HOJA-6";SP02;;0;;Válido;03351;;;;;;;;;;⚪ PENDIENTE;;;;;;;;;;;;
"03351-CT-6""-C3-0018-R3_HOJA-6_SP03";0139;"03351-CT-6""-C3-0018-R3_HOJA-6";SP03;;0;;Válido;03351;;;;;;;;;;⚪ PENDIENTE;;;;;;;;;;;;
"03351-CT-6""-C3-0018-R3_HOJA-7_SP01";0140;"03351-CT-6""-C3-0018-R3_HOJA-7";SP01;;0;;Válido;03351;;;;;;;;;;⚪ PENDIENTE;;;;;;;;;;;;
"03351-CT-6""-C3-0018-R3_HOJA-7_SP02";0141;"03351-CT-6""-C3-0018-R3_HOJA-7";SP02;;0;;Válido;03351;;;;;;;;;;⚪ PENDIENTE;;;;;;;;;;;;
"03351-CT-6""-C3-0018-R3_HOJA-7_SP03";0142;"03351-CT-6""-C3-0018-R3_HOJA-7";SP03;;0;;Válido;03351;;;;;;;;;;⚪ PENDIENTE;;;;;;;;;;;;
"03351-CT-6""-C3-0018-R3_HOJA-7_SP04";0143;"03351-CT-6""-C3-0018-R3_HOJA-7";SP04;;0;;Válido;03351;;;;;;;;;;⚪ PENDIENTE;;;;;;;;;;;;
"03351-CT-6""-C3-0018-R3_HOJA-8_SP01";0144;"03351-CT-6""-C3-0018-R3_HOJA-8";SP01;;0;;Válido;03351;;;;;;;;;;⚪ PENDIENTE;;;;;;;;;;;;
"03351-CT-6""-C3-0018-R3_HOJA-8_SP02";0145;"03351-CT-6""-C3-0018-R3_HOJA-8";SP02;;0;;Válido;03351;;;;;;;;;;⚪ PENDIENTE;;;;;;;;;;;;
"03351-CT-6""-C3-0018-R3_HOJA-9_SP01";0146;"03351-CT-6""-C3-0018-R3_HOJA-9";SP01;;0;;Válido;03351;;;;;;;;;;⚪ PENDIENTE;;;;;;;;;;;;
"03351-CT-6""-C3-0018-R3_HOJA-10_SP01";0147;"03351-CT-6""-C3-0018-R3_HOJA-10";SP01;;0;;Válido;03351;;;;;;;;;;⚪ PENDIENTE;;;;;;;;;;;;
"03351-CT-6""-C3-0018-R3_HOJA-10_SP02";0148;"03351-CT-6""-C3-0018-R3_HOJA-10";SP02;;0;;Válido;03351;;;;;;;;;;⚪ PENDIENTE;;;;;;;;;;;;
"03351-CT-6""-C3-0018-R3_HOJA-10_SP03";0149;"03351-CT-6""-C3-0018-R3_HOJA-10";SP03;;0;;Válido;03351;;;;;;;;;;⚪ PENDIENTE;;;;;;;;;;;;
"03351-CT-6""-C3-0018-R3_HOJA-11_SP01";0150;"03351-CT-6""-C3-0018-R3_HOJA-11";SP01;;0;;Válido;03351;;;;;;;;;;⚪ PENDIENTE;;;;;;;;;;;;
"03351-CT-6""-C3-0018-R3_HOJA-11_SP02";0151;"03351-CT-6""-C3-0018-R3_HOJA-11";SP02;;0;;Válido;03351;;;;;;;;;;⚪ PENDIENTE;;;;;;;;;;;;
"03351-CT-6""-C3-0018-R3_HOJA-11_SP03";0152;"03351-CT-6""-C3-0018-R3_HOJA-11";SP03;;0;;Válido;03351;;;;;;;;;;⚪ PENDIENTE;;;;;;;;;;;;
"03351-CT-6""-C3-0018-R3_HOJA-12_SP01";0153;"03351-CT-6""-C3-0018-R3_HOJA-12";SP01;;0;;Válido;03351;;;;;;;;;;⚪ PENDIENTE;;;;;;;;;;;;
"03351-CT-6""-C3-0018-R3_HOJA-12_SP02";0154;"03351-CT-6""-C3-0018-R3_HOJA-12";SP02;;0;;Válido;03351;;;;;;;;;;⚪ PENDIENTE;;;;;;;;;;;;
"03351-CT-6""-C3-0018-R3_HOJA-13_SP01";0155;"03351-CT-6""-C3-0018-R3_HOJA-13";SP01;;0;;Válido;03351;;;;;;;;;;⚪ PENDIENTE;;;;;;;;;;;;
"03351-CT-6""-C3-0018-R3_HOJA-13_SP02";0156;"03351-CT-6""-C3-0018-R3_HOJA-13";SP02;;0;;Válido;03351;;;;;;;;;;⚪ PENDIENTE;;;;;;;;;;;;
"03351-CT-6""-C3-0018-R3_HOJA-13_SP03";0157;"03351-CT-6""-C3-0018-R3_HOJA-13";SP03;;0;;Válido;03351;;;;;;;;;;⚪ PENDIENTE;;;;;;;;;;;;
"03351-CT-6""-C3-0018-R3_HOJA-13_SP04";0158;"03351-CT-6""-C3-0018-R3_HOJA-13";SP04;;0;;Válido;03351;;;;;;;;;;⚪ PENDIENTE;;;;;;;;;;;;
"03351-CT-6""-C3-0018-R3_HOJA-13_SP05";0159;"03351-CT-6""-C3-0018-R3_HOJA-13";SP05;;0;;Válido;03351;;;;;;;;;;⚪ PENDIENTE;;;;;;;;;;;;
"03351-CT-6""-C3-0018-R3_HOJA-14_SP01";0160;"03351-CT-6""-C3-0018-R3_HOJA-14";SP01;;0;;Válido;03351;;;;;;;;;;⚪ PENDIENTE;;;;;;;;;;;;
"03351-CT-6""-C3-0018-R3_HOJA-14_SP02";0161;"03351-CT-6""-C3-0018-R3_HOJA-14";SP02;;0;;Válido;03351;;;;;;;;;;⚪ PENDIENTE;;;;;;;;;;;;
"03351-CT-6""-C3-0018-R3_HOJA-15_SP01";0162;"03351-CT-6""-C3-0018-R3_HOJA-15";SP01;;0;;Válido;03351;;;;;;;;;;⚪ PENDIENTE;;;;;;;;;;;;
"03351-CT-6""-C3-0018-R3_HOJA-15_SP02";0163;"03351-CT-6""-C3-0018-R3_HOJA-15";SP02;;0;;Válido;03351;;;;;;;;;;⚪ PENDIENTE;;;;;;;;;;;;
"03351-CT-6""-C3-0018-R3_HOJA-15_SP03";0164;"03351-CT-6""-C3-0018-R3_HOJA-15";SP03;;0;;Válido;03351;;;;;;;;;;⚪ PENDIENTE;;;;;;;;;;;;
"03351-CT-6""-C3-0018-R3_HOJA-16_SP01";0165;"03351-CT-6""-C3-0018-R3_HOJA-16";SP01;;0;;Válido;03351;;;;;;;;;;⚪ PENDIENTE;;;;;;;;;;;;
"03351-CT-6""-C3-0018-R3_HOJA-16_SP02";0166;"03351-CT-6""-C3-0018-R3_HOJA-16";SP02;;0;;Válido;03351;;;;;;;;;;⚪ PENDIENTE;;;;;;;;;;;;
"03351-CT-6""-C3-0018-R3_HOJA-16_SP03";0167;"03351-CT-6""-C3-0018-R3_HOJA-16";SP03;;0;;Válido;03351;;;;;;;;;;⚪ PENDIENTE;;;;;;;;;;;;
"03351-CT-6""-C3-0018-R3_HOJA-16_SP04";0168;"03351-CT-6""-C3-0018-R3_HOJA-16";SP04;;0;;Válido;03351;;;;;;;;;;⚪ PENDIENTE;;;;;;;;;;;;
"03351-CT-6""-C3-0018-R3_HOJA-17_SP01";0169;"03351-CT-6""-C3-0018-R3_HOJA-17";SP01;;0;;Válido;03351;;;;;;;;;;⚪ PENDIENTE;;;;;;;;;;;;
"03351-CT-6""-C3-0018-R3_HOJA-17_SP02";0170;"03351-CT-6""-C3-0018-R3_HOJA-17";SP02;;0;;Válido;03351;;;;;;;;;;⚪ PENDIENTE;;;;;;;;;;;;
"03351-CT-6""-C3-0018-R3_HOJA-18_SP01";0171;"03351-CT-6""-C3-0018-R3_HOJA-18";SP01;;0;;Válido;03351;;;;;;;;;;⚪ PENDIENTE;;;;;;;;;;;;
"03351-CT-6""-C3-0018-R3_HOJA-18_SP02";0172;"03351-CT-6""-C3-0018-R3_HOJA-18";SP02;;0;;Válido;03351;;;;;;;;;;⚪ PENDIENTE;;;;;;;;;;;;
"03351-CT-6""-C3-0018-R3_HOJA-18_SP03";0173;"03351-CT-6""-C3-0018-R3_HOJA-18";SP03;;0;;Válido;03351;;;;;;;;;;⚪ PENDIENTE;;;;;;;;;;;;
"03351-CT-6""-C3-0018-R3_HOJA-18_SP04";0174;"03351-CT-6""-C3-0018-R3_HOJA-18";SP04;;0;;Válido;03351;;;;;;;;;;⚪ PENDIENTE;;;;;;;;;;;;
"03351-CT-6""-C3-0018-R3_HOJA-19_SP01";0175;"03351-CT-6""-C3-0018-R3_HOJA-19";SP01;;0;;Válido;03351;;;;;;;;;;⚪ PENDIENTE;;;;;;;;;;;;
"03351-CT-6""-C3-0018-R3_HOJA-19_SP02";0176;"03351-CT-6""-C3-0018-R3_HOJA-19";SP02;;0;;Válido;03351;;;;;;;;;;⚪ PENDIENTE;;;;;;;;;;;;
"03351-CT-6""-C3-0018-R3_HOJA-20_SP01";0177;"03351-CT-6""-C3-0018-R3_HOJA-20";SP01;;0;;Válido;03351;;;;;;;;;;⚪ PENDIENTE;;;;;;;;;;;;
"03351-CT-6""-C3-0018-R3_HOJA-20_SP02";0178;"03351-CT-6""-C3-0018-R3_HOJA-20";SP02;;0;;Válido;03351;;;;;;;;;;⚪ PENDIENTE;;;;;;;;;;;;
"03351-CT-6""-C3-0018-R3_HOJA-20_SP03";0179;"03351-CT-6""-C3-0018-R3_HOJA-20";SP03;;0;;Válido;03351;;;;;;;;;;⚪ PENDIENTE;;;;;;;;;;;;
"03351-CT-6""-C3-0018-R3_HOJA-21_SP01";0180;"03351-CT-6""-C3-0018-R3_HOJA-21";SP01;;0;;Válido;03351;;;;;;;;;;⚪ PENDIENTE;;;;;;;;;;;;
"03351-CT-6""-C3-0018-R3_HOJA-21_SP02";0181;"03351-CT-6""-C3-0018-R3_HOJA-21";SP02;;0;;Válido;03351;;;;;;;;;;⚪ PENDIENTE;;;;;;;;;;;;
"03351-CT-6""-C3-0021-R3_HOJA-1_SP01";0182;"03351-CT-6""-C3-0021-R3_HOJA-1";SP01;;0;;Válido;03351;;;;;;;;;;⚪ PENDIENTE;;;;;;;;;;;;
"03351-CT-6""-C3-0021-R3_HOJA-2_SP01";0183;"03351-CT-6""-C3-0021-R3_HOJA-2";SP01;;0;;Válido;03351;;;;;;;;;;⚪ PENDIENTE;;;;;;;;;;;;
"03351-CT-6""-C3-0021-R3_HOJA-3_SP01";0184;"03351-CT-6""-C3-0021-R3_HOJA-3";SP01;;0;;Válido;03351;;;;;;;;;;⚪ PENDIENTE;;;;;;;;;;;;
"03351-CT-6""-C3-0021-R3_HOJA-3_SP02";0185;"03351-CT-6""-C3-0021-R3_HOJA-3";SP02;;0;;Válido;03351;;;;;;;;;;⚪ PENDIENTE;;;;;;;;;;;;
"03351-CT-6""-C3-0021-R3_HOJA-4_SP01";0186;"03351-CT-6""-C3-0021-R3_HOJA-4";SP01;;0;;Válido;03351;;;;;;;;;;⚪ PENDIENTE;;;;;;;;;;;;
"03351-CT-6""-C3-0021-R3_HOJA-5_SP01";0187;"03351-CT-6""-C3-0021-R3_HOJA-5";SP01;;0;;Válido;03351;;;;;;;;;;⚪ PENDIENTE;;;;;;;;;;;;
"03351-CT-6""-C3-0021-R3_HOJA-6_SP01";0188;"03351-CT-6""-C3-0021-R3_HOJA-6";SP01;;0;;Válido;03351;;;;;;;;;;⚪ PENDIENTE;;;;;;;;;;;;
"03351-CT-6""-C3-0021-R3_HOJA-6_SP02";0189;"03351-CT-6""-C3-0021-R3_HOJA-6";SP02;;0;;Válido;03351;;;;;;;;;;⚪ PENDIENTE;;;;;;;;;;;;
"03351-CT-6""-C3-0021-R3_HOJA-6_SP03";0190;"03351-CT-6""-C3-0021-R3_HOJA-6";SP03;;0;;Válido;03351;;;;;;;;;;⚪ PENDIENTE;;;;;;;;;;;;
"03351-CT-6""-C3-0021-R3_HOJA-6_SP04";0191;"03351-CT-6""-C3-0021-R3_HOJA-6";SP04;;0;;Válido;03351;;;;;;;;;;⚪ PENDIENTE;;;;;;;;;;;;
"03351-CT-6""-C3-0021-R3_HOJA-7_SP01";0192;"03351-CT-6""-C3-0021-R3_HOJA-7";SP01;;0;;Válido;03351;;;;;;;;;;⚪ PENDIENTE;;;;;;;;;;;;
"03351-CT-6""-C3-0021-R3_HOJA-7_SP02";0193;"03351-CT-6""-C3-0021-R3_HOJA-7";SP02;;0;;Válido;03351;;;;;;;;;;⚪ PENDIENTE;;;;;;;;;;;;
"03351-CT-6""-C3-0021-R3_HOJA-8_SP01";0194;"03351-CT-6""-C3-0021-R3_HOJA-8";SP01;;0;;Válido;03351;;;;;;;;;;⚪ PENDIENTE;;;;;;;;;;;;
"03351-CT-6""-C3-0021-R3_HOJA-9_SP01";0195;"03351-CT-6""-C3-0021-R3_HOJA-9";SP01;;0;;Válido;03351;;;;;;;;;;⚪ PENDIENTE;;;;;;;;;;;;
"03351-CT-6""-C3-0021-R3_HOJA-9_SP02";0196;"03351-CT-6""-C3-0021-R3_HOJA-9";SP02;;0;;Válido;03351;;;;;;;;;;⚪ PENDIENTE;;;;;;;;;;;;
"03351-CT-6""-C3-0021-R3_HOJA-10_SP01";0197;"03351-CT-6""-C3-0021-R3_HOJA-10";SP01;;0;;Válido;03351;;;;;;;;;;⚪ PENDIENTE;;;;;;;;;;;;
"03351-CT-6""-C3-0021-R3_HOJA-11_SP01";0198;"03351-CT-6""-C3-0021-R3_HOJA-11";SP01;;0;;Válido;03351;;;;;;;;;;⚪ PENDIENTE;;;;;;;;;;;;
"03351-CT-6""-C3-0021-R3_HOJA-12_SP01";0199;"03351-CT-6""-C3-0021-R3_HOJA-12";SP01;;0;;Válido;03351;;;;;;;;;;⚪ PENDIENTE;;;;;;;;;;;;
"03351-CT-6""-C3-0021-R3_HOJA-12_SP02";0200;"03351-CT-6""-C3-0021-R3_HOJA-12";SP02;;0;;Válido;03351;;;;;;;;;;⚪ PENDIENTE;;;;;;;;;;;;
"03351-CT-6""-C3-0021-R3_HOJA-12_SP03";0201;"03351-CT-6""-C3-0021-R3_HOJA-12";SP03;;0;;Válido;03351;;;;;;;;;;⚪ PENDIENTE;;;;;;;;;;;;
"03351-CT-6""-C3-0021-R3_HOJA-13_SP01";0202;"03351-CT-6""-C3-0021-R3_HOJA-13";SP01;;0;;Válido;03351;;;;;;;;;;⚪ PENDIENTE;;;;;;;;;;;;
"03351-CT-6""-C3-0021-R3_HOJA-13_SP02";0203;"03351-CT-6""-C3-0021-R3_HOJA-13";SP02;;0;;Válido;03351;;;;;;;;;;⚪ PENDIENTE;;;;;;;;;;;;
"03351-CT-6""-C3-0021-R3_HOJA-13_SP03";0204;"03351-CT-6""-C3-0021-R3_HOJA-13";SP03;;0;;Válido;03351;;;;;;;;;;⚪ PENDIENTE;;;;;;;;;;;;
"03351-CT-6""-C3-0021-R3_HOJA-14_SP01";0205;"03351-CT-6""-C3-0021-R3_HOJA-14";SP01;;0;;Válido;03351;;;;;;;;;;⚪ PENDIENTE;;;;;;;;;;;;
"03351-CT-6""-C3-0021-R3_HOJA-15_SP01";0206;"03351-CT-6""-C3-0021-R3_HOJA-15";SP01;;0;;Válido;03351;;;;;;;;;;⚪ PENDIENTE;;;;;;;;;;;;
"03351-CT-6""-C3-0021-R3_HOJA-15_SP02";0207;"03351-CT-6""-C3-0021-R3_HOJA-15";SP02;;0;;Válido;03351;;;;;;;;;;⚪ PENDIENTE;;;;;;;;;;;;
"03351-CT-6""-C3-0021-R3_HOJA-15_SP03";0208;"03351-CT-6""-C3-0021-R3_HOJA-15";SP03;;0;;Válido;03351;;;;;;;;;;⚪ PENDIENTE;;;;;;;;;;;;
"03351-CT-6""-C3-0021-R3_HOJA-16_SP01";0209;"03351-CT-6""-C3-0021-R3_HOJA-16";SP01;;0;;Válido;03351;;;;;;;;;;⚪ PENDIENTE;;;;;;;;;;;;
"03351-CT-6""-C3-0021-R3_HOJA-16_SP02";0210;"03351-CT-6""-C3-0021-R3_HOJA-16";SP02;;0;;Válido;03351;;;;;;;;;;⚪ PENDIENTE;;;;;;;;;;;;
"03351-CT-6""-C3-0021-R3_HOJA-17_SP01";0211;"03351-CT-6""-C3-0021-R3_HOJA-17";SP01;;0;;Válido;03351;;;;;;;;;;⚪ PENDIENTE;;;;;;;;;;;;
"03351-CT-6""-C3-0021-R3_HOJA-17_SP02";0212;"03351-CT-6""-C3-0021-R3_HOJA-17";SP02;;0;;Válido;03351;;;;;;;;;;⚪ PENDIENTE;;;;;;;;;;;;
"03351-CT-6""-C3-0021-R3_HOJA-18_SP01";0213;"03351-CT-6""-C3-0021-R3_HOJA-18";SP01;;0;;Válido;03351;;;;;;;;;;⚪ PENDIENTE;;;;;;;;;;;;
"03351-CT-6""-C3-0021-R3_HOJA-18_SP02";0214;"03351-CT-6""-C3-0021-R3_HOJA-18";SP02;;0;;Válido;03351;;;;;;;;;;⚪ PENDIENTE;;;;;;;;;;;;
"03351-CT-6""-C3-0021-R3_HOJA-19_SP01";0215;"03351-CT-6""-C3-0021-R3_HOJA-19";SP01;;0;;Válido;03351;;;;;;;;;;⚪ PENDIENTE;;;;;;;;;;;;
"03351-CT-6""-C3-0021-R3_HOJA-20_SP01";0216;"03351-CT-6""-C3-0021-R3_HOJA-20";SP01;;0;;Válido;03351;;;;;;;;;;⚪ PENDIENTE;;;;;;;;;;;;
"03351-CT-6""-C3-0021-R3_HOJA-20_SP02";0217;"03351-CT-6""-C3-0021-R3_HOJA-20";SP02;;0;;Válido;03351;;;;;;;;;;⚪ PENDIENTE;;;;;;;;;;;;
"03351-CT-6""-C3-0021-R3_HOJA-20_SP03";0218;"03351-CT-6""-C3-0021-R3_HOJA-20";SP03;;0;;Válido;03351;;;;;;;;;;⚪ PENDIENTE;;;;;;;;;;;;
"03351-CT-6""-C3-0021-R3_HOJA-21_SP01";0219;"03351-CT-6""-C3-0021-R3_HOJA-21";SP01;;0;;Válido;03351;;;;;;;;;;⚪ PENDIENTE;;;;;;;;;;;;
"03351-CT-6""-C3-0021-R3_HOJA-21_SP02";0220;"03351-CT-6""-C3-0021-R3_HOJA-21";SP02;;0;;Válido;03351;;;;;;;;;;⚪ PENDIENTE;;;;;;;;;;;;
"03351-CT-6""-C3-0021-R3_HOJA-22_SP01";0221;"03351-CT-6""-C3-0021-R3_HOJA-22";SP01;;0;;Válido;03351;;;;;;;;;;⚪ PENDIENTE;;;;;;;;;;;;
"03351-CT-6""-C3-0021-R3_HOJA-22_SP02";0222;"03351-CT-6""-C3-0021-R3_HOJA-22";SP02;;0;;Válido;03351;;;;;;;;;;⚪ PENDIENTE;;;;;;;;;;;;
"03351-CT-6""-C3-0021-R3_HOJA-23_SP01";0223;"03351-CT-6""-C3-0021-R3_HOJA-23";SP01;;0;;Válido;03351;;;;;;;;;;⚪ PENDIENTE;;;;;;;;;;;;
"03351-CT-6""-C3-0021-R3_HOJA-23_SP02";0224;"03351-CT-6""-C3-0021-R3_HOJA-23";SP02;;0;;Válido;03351;;;;;;;;;;⚪ PENDIENTE;;;;;;;;;;;;
"03351-CT-6""-C3-0021-R3_HOJA-24_SP01";0225;"03351-CT-6""-C3-0021-R3_HOJA-24";SP01;;0;;Válido;03351;;;;;;;;;;⚪ PENDIENTE;;;;;;;;;;;;
"03351-CT-6""-C3-0021-R3_HOJA-24_SP02";0226;"03351-CT-6""-C3-0021-R3_HOJA-24";SP02;;0;;Válido;03351;;;;;;;;;;⚪ PENDIENTE;;;;;;;;;;;;
"03351-CT-6""-C3-0021-R3_HOJA-25_SP01";0227;"03351-CT-6""-C3-0021-R3_HOJA-25";SP01;;0;;Válido;03351;;;;;;;;;;⚪ PENDIENTE;;;;;;;;;;;;
"03351-CT-6""-C3-0021-R3_HOJA-26_SP01";0228;"03351-CT-6""-C3-0021-R3_HOJA-26";SP01;;0;;Válido;03351;;;;;;;;;;⚪ PENDIENTE;;;;;;;;;;;;
"03351-CT-6""-C3-0021-R3_HOJA-26_SP02";0229;"03351-CT-6""-C3-0021-R3_HOJA-26";SP02;;0;;Válido;03351;;;;;;;;;;⚪ PENDIENTE;;;;;;;;;;;;
"03351-CT-6""-C3-0021-R3_HOJA-26_SP03";0230;"03351-CT-6""-C3-0021-R3_HOJA-26";SP03;;0;;Válido;03351;;;;;;;;;;⚪ PENDIENTE;;;;;;;;;;;;
"03351-CT-6""-C3-0021-R3_HOJA-26_SP04";0231;"03351-CT-6""-C3-0021-R3_HOJA-26";SP04;;0;;Válido;03351;;;;;;;;;;⚪ PENDIENTE;;;;;;;;;;;;
"03351-CT-6""-C3-0021-R3_HOJA-27_SP01";0232;"03351-CT-6""-C3-0021-R3_HOJA-27";SP01;;0;;Válido;03351;;;;;;;;;;⚪ PENDIENTE;;;;;;;;;;;;
"03351-CT-6""-C3-0021-R3_HOJA-27_SP02";0233;"03351-CT-6""-C3-0021-R3_HOJA-27";SP02;;0;;Válido;03351;;;;;;;;;;⚪ PENDIENTE;;;;;;;;;;;;
"03351-CT-6""-C3-0023-R3_HOJA-1_SP01";0234;"03351-CT-6""-C3-0023-R3_HOJA-1";SP01;;0;;Válido;03351;;;;;;;;;;⚪ PENDIENTE;;;;;;;;;;;;
"03351-CT-6""-C3-0023-R3_HOJA-2_SP01";0235;"03351-CT-6""-C3-0023-R3_HOJA-2";SP01;;0;;Válido;03351;;;;;;;;;;⚪ PENDIENTE;;;;;;;;;;;;
"03351-CT-6""-C3-0023-R3_HOJA-3_SP01";0236;"03351-CT-6""-C3-0023-R3_HOJA-3";SP01;;0;;Válido;03351;;;;;;;;;;⚪ PENDIENTE;;;;;;;;;;;;
"03351-CT-6""-C3-0023-R3_HOJA-3_SP02";0237;"03351-CT-6""-C3-0023-R3_HOJA-3";SP02;;0;;Válido;03351;;;;;;;;;;⚪ PENDIENTE;;;;;;;;;;;;
"03351-CT-6""-C3-0023-R3_HOJA-4_SP01";0238;"03351-CT-6""-C3-0023-R3_HOJA-4";SP01;;0;;Válido;03351;;;;;;;;;;⚪ PENDIENTE;;;;;;;;;;;;
"03351-CT-6""-C3-0023-R3_HOJA-4_SP02";0239;"03351-CT-6""-C3-0023-R3_HOJA-4";SP02;;0;;Válido;03351;;;;;;;;;;⚪ PENDIENTE;;;;;;;;;;;;
"03351-CT-6""-C3-0030-R3_HOJA-1_SP01";0240;"03351-CT-6""-C3-0030-R3_HOJA-1";SP01;;0;;Válido;03351;;;;;;;;;;⚪ PENDIENTE;;;;;;;;;;;;
"03351-CT-6""-C3-0030-R3_HOJA-2_SP01";0241;"03351-CT-6""-C3-0030-R3_HOJA-2";SP01;;0;;Válido;03351;;;;;;;;;;⚪ PENDIENTE;;;;;;;;;;;;
"03351-CT-6""-C3-0046-R3_HOJA-1_SP01";0242;"03351-CT-6""-C3-0046-R3_HOJA-1";SP01;;0;;Válido;03351;;;;;;;;;;⚪ PENDIENTE;;;;;;;;;;;;
"03351-CT-6""-C3-0046-R3_HOJA-1_SP02";0243;"03351-CT-6""-C3-0046-R3_HOJA-1";SP02;;0;;Válido;03351;;;;;;;;;;⚪ PENDIENTE;;;;;;;;;;;;
"03351-CT-6""-C3-0046-R3_HOJA-2_SP01";0244;"03351-CT-6""-C3-0046-R3_HOJA-2";SP01;;0;;Válido;03351;;;;;;;;;;⚪ PENDIENTE;;;;;;;;;;;;
"03351-CT-6""-C3-0046-R3_HOJA-3_SP01";0245;"03351-CT-6""-C3-0046-R3_HOJA-3";SP01;;0;;Válido;03351;;;;;;;;;;⚪ PENDIENTE;;;;;;;;;;;;
"03351-CT-6""-C3-0046-R3_HOJA-4_SP01";0246;"03351-CT-6""-C3-0046-R3_HOJA-4";SP01;;0;;Válido;03351;;;;;;;;;;⚪ PENDIENTE;;;;;;;;;;;;
"03351-CT-6""-C3-0046-R3_HOJA-5_SP01";0247;"03351-CT-6""-C3-0046-R3_HOJA-5";SP01;;0;;Válido;03351;;;;;;;;;;⚪ PENDIENTE;;;;;;;;;;;;
"03351-CT-6""-C3-0050-R3_HOJA-1_SP01";0248;"03351-CT-6""-C3-0050-R3_HOJA-1";SP01;;0;;Válido;03351;;;;;;;;;;⚪ PENDIENTE;;;;;;;;;;;;
"03351-CT-6""-C3-0050-R3_HOJA-2_SP01";0249;"03351-CT-6""-C3-0050-R3_HOJA-2";SP01;;0;;Válido;03351;;;;;;;;;;⚪ PENDIENTE;;;;;;;;;;;;
"03351-CT-6""-C3-0050-R3_HOJA-2_SP02";0250;"03351-CT-6""-C3-0050-R3_HOJA-2";SP02;;0;;Válido;03351;;;;;;;;;;⚪ PENDIENTE;;;;;;;;;;;;
"03351-FP-1""-C5-0122-N_HOJA-1_";0251;"03351-FP-1""-C5-0122-N_HOJA-1";;;0;;Válido;03351;;;;;;;;;;⚪ PENDIENTE;;;;;;;;;;;;
"03351-GW-1""-C1-0075-N_HOJA-1_";0252;"03351-GW-1""-C1-0075-N_HOJA-1";;;0;;Válido;03351;;;;;;;;;;⚪ PENDIENTE;;;;;;;;;;;;
"03351-GW-1""-C1-0076-N_HOJA-1_";0253;"03351-GW-1""-C1-0076-N_HOJA-1";;;0;;Válido;03351;;;;;;;;;;⚪ PENDIENTE;;;;;;;;;;;;
"03351-GW-2""-C1-0040-N_HOJA-1_";0254;"03351-GW-2""-C1-0040-N_HOJA-1";;;0;;Válido;03351;;;;;;;;;;⚪ PENDIENTE;;;;;;;;;;;;
"03351-GW-2""-C1-0041-N_HOJA-1_";0255;"03351-GW-2""-C1-0041-N_HOJA-1";;;0;;Válido;03351;;;;;;;;;;⚪ PENDIENTE;;;;;;;;;;;;
"03351-GW-2""-C1-0042-N_HOJA-1_";0256;"03351-GW-2""-C1-0042-N_HOJA-1";;;0;;Válido;03351;;;;;;;;;;⚪ PENDIENTE;;;;;;;;;;;;
"03351-IA-1""-G1-0102-N_HOJA-1_";0257;"03351-IA-1""-G1-0102-N_HOJA-1";;;0;;Válido;03351;;;;;;;;;;⚪ PENDIENTE;;;;;;;;;;;;
"03351-IA-1""-G1-0103-N_HOJA-1_";0258;"03351-IA-1""-G1-0103-N_HOJA-1";;;0;;Válido;03351;;;;;;;;;;⚪ PENDIENTE;;;;;;;;;;;;
"03351-IA-1""-G1-0104-N_HOJA-1_";0259;"03351-IA-1""-G1-0104-N_HOJA-1";;;0;;Válido;03351;;;;;;;;;;⚪ PENDIENTE;;;;;;;;;;;;
"03351-IA-1""-G1-0106-N_HOJA-1_";0260;"03351-IA-1""-G1-0106-N_HOJA-1";;;0;;Válido;03351;;;;;;;;;;⚪ PENDIENTE;;;;;;;;;;;;
"03351-IA-2""-G1-0101-N_HOJA-1_";0261;"03351-IA-2""-G1-0101-N_HOJA-1";;;0;;Válido;03351;;;;;;;;;;⚪ PENDIENTE;;;;;;;;;;;;
"03351-IA-2""-G1-0110-N_HOJA-1_";0262;"03351-IA-2""-G1-0110-N_HOJA-1";;;0;;Válido;03351;;;;;;;;;;⚪ PENDIENTE;;;;;;;;;;;;
"03351-IA-2""-G1-0112-N_HOJA-2_";0263;"03351-IA-2""-G1-0112-N_HOJA-2";;;0;;Válido;03351;;;;;;;;;;⚪ PENDIENTE;;;;;;;;;;;;
"03351-PW-2""-C1-0014-N_HOJA-1_";0264;"03351-PW-2""-C1-0014-N_HOJA-1";;;0;;Válido;03351;;;;;;;;;;⚪ PENDIENTE;;;;;;;;;;;;
"03351-PW-2""-C1-0038-N_HOJA-1_";0265;"03351-PW-2""-C1-0038-N_HOJA-1";;;0;;Válido;03351;;;;;;;;;;⚪ PENDIENTE;;;;;;;;;;;;
"03351-PW-2""-C1-0054-N_HOJA-1_";0266;"03351-PW-2""-C1-0054-N_HOJA-1";;;0;;Válido;03351;;;;;;;;;;⚪ PENDIENTE;;;;;;;;;;;;
"03351-PW-2""-C1-0055-N_HOJA-1_";0267;"03351-PW-2""-C1-0055-N_HOJA-1";;;0;;Válido;03351;;;;;;;;;;⚪ PENDIENTE;;;;;;;;;;;;
"03351-PW-2""-C1-0056-N_HOJA-1_";0268;"03351-PW-2""-C1-0056-N_HOJA-1";;;0;;Válido;03351;;;;;;;;;;⚪ PENDIENTE;;;;;;;;;;;;
"03351-PW-2""-C1-0078-N_HOJA-1_";0269;"03351-PW-2""-C1-0078-N_HOJA-1";;;0;;Válido;03351;;;;;;;;;;⚪ PENDIENTE;;;;;;;;;;;;
"03351-PW-2""-C1-0081-N_HOJA-1_";0270;"03351-PW-2""-C1-0081-N_HOJA-1";;;0;;Válido;03351;;;;;;;;;;⚪ PENDIENTE;;;;;;;;;;;;
"03351-PW-2""-C1-0082-N_HOJA-1_";0271;"03351-PW-2""-C1-0082-N_HOJA-1";;;0;;Válido;03351;;;;;;;;;;⚪ PENDIENTE;;;;;;;;;;;;
"03351-PW-2""-C1-0083-N_HOJA-1_";0272;"03351-PW-2""-C1-0083-N_HOJA-1";;;0;;Válido;03351;;;;;;;;;;⚪ PENDIENTE;;;;;;;;;;;;
"03351-PW-2""-C1-0084-N_HOJA-1_";0273;"03351-PW-2""-C1-0084-N_HOJA-1";;;0;;Válido;03351;;;;;;;;;;⚪ PENDIENTE;;;;;;;;;;;;
"03351-PW-2""-C1-0088-N_HOJA-1_";0274;"03351-PW-2""-C1-0088-N_HOJA-1";;;0;;Válido;03351;;;;;;;;;;⚪ PENDIENTE;;;;;;;;;;;;
"03351-PW-2""-C1-0089-N_HOJA-1_";0275;"03351-PW-2""-C1-0089-N_HOJA-1";;;0;;Válido;03351;;;;;;;;;;⚪ PENDIENTE;;;;;;;;;;;;
"03351-PW-2""-C1-0090-N_HOJA-1_";0276;"03351-PW-2""-C1-0090-N_HOJA-1";;;0;;Válido;03351;;;;;;;;;;⚪ PENDIENTE;;;;;;;;;;;;
"03351-PW-4""-C1-0016-N_HOJA-1_SP01";0277;"03351-PW-4""-C1-0016-N_HOJA-1";SP01;;0;;Válido;03351;;;;;;;;;;⚪ PENDIENTE;;;;;;;;;;;;
"03351-PW-4""-C1-0016-N_HOJA-1_SP02";0278;"03351-PW-4""-C1-0016-N_HOJA-1";SP02;;0;;Válido;03351;;;;;;;;;;⚪ PENDIENTE;;;;;;;;;;;;
"03351-PW-4""-C1-0016-N_HOJA-1_SP03";0279;"03351-PW-4""-C1-0016-N_HOJA-1";SP03;;0;;Válido;03351;;;;;;;;;;⚪ PENDIENTE;;;;;;;;;;;;
"03351-PW-4""-C1-0016-N_HOJA-1_SP04";0280;"03351-PW-4""-C1-0016-N_HOJA-1";SP04;;0;;Válido;03351;;;;;;;;;;⚪ PENDIENTE;;;;;;;;;;;;
"03351-PW-4""-C1-0016-N_HOJA-1_SP05";0281;"03351-PW-4""-C1-0016-N_HOJA-1";SP05;;0;;Válido;03351;;;;;;;;;;⚪ PENDIENTE;;;;;;;;;;;;
"03351-PW-4""-C1-0016-N_HOJA-1_SP06";0282;"03351-PW-4""-C1-0016-N_HOJA-1";SP06;;0;;Válido;03351;;;;;;;;;;⚪ PENDIENTE;;;;;;;;;;;;
"03351-PW-4""-C1-0016-N_HOJA-1_SP07";0283;"03351-PW-4""-C1-0016-N_HOJA-1";SP07;;0;;Válido;03351;;;;;;;;;;⚪ PENDIENTE;;;;;;;;;;;;
"03351-PW-4""-C1-0016-N_HOJA-1_SP08";0284;"03351-PW-4""-C1-0016-N_HOJA-1";SP08;;0;;Válido;03351;;;;;;;;;;⚪ PENDIENTE;;;;;;;;;;;;
"03351-PW-4""-C1-0016-N_HOJA-1_SP09";0285;"03351-PW-4""-C1-0016-N_HOJA-1";SP09;;0;;Válido;03351;;;;;;;;;;⚪ PENDIENTE;;;;;;;;;;;;
"03351-PW-4""-C1-0016-N_HOJA-1_SP10";0286;"03351-PW-4""-C1-0016-N_HOJA-1";SP10;;0;;Válido;03351;;;;;;;;;;⚪ PENDIENTE;;;;;;;;;;;;
"03351-PW-4""-C1-0016-N_HOJA-1_SP11";0287;"03351-PW-4""-C1-0016-N_HOJA-1";SP11;;0;;Válido;03351;;;;;;;;;;⚪ PENDIENTE;;;;;;;;;;;;
"03351-PW-4""-C1-0094-N_HOJA-1_SP01";0288;"03351-PW-4""-C1-0094-N_HOJA-1";SP01;;0;;Válido;03351;;;;;;;;;;⚪ PENDIENTE;;;;;;;;;;;;
"03351-PW-4""-C1-0094-N_HOJA-1_SP02";0289;"03351-PW-4""-C1-0094-N_HOJA-1";SP02;;0;;Válido;03351;;;;;;;;;;⚪ PENDIENTE;;;;;;;;;;;;
"03351-PW-4""-C1-0094-N_HOJA-1_SP03";0290;"03351-PW-4""-C1-0094-N_HOJA-1";SP03;;0;;Válido;03351;;;;;;;;;;⚪ PENDIENTE;;;;;;;;;;;;
"03351-PW-4""-C1-0094-N_HOJA-1_SP04";0291;"03351-PW-4""-C1-0094-N_HOJA-1";SP04;;0;;Válido;03351;;;;;;;;;;⚪ PENDIENTE;;;;;;;;;;;;
"03351-PW-4""-C1-0094-N_HOJA-1_SP05";0292;"03351-PW-4""-C1-0094-N_HOJA-1";SP05;;0;;Válido;03351;;;;;;;;;;⚪ PENDIENTE;;;;;;;;;;;;
"03351-PW-6""-C1-0013-N_HOJA-1_SP01";0293;"03351-PW-6""-C1-0013-N_HOJA-1";SP01;;0;;Válido;03351;;;;;;;;;;⚪ PENDIENTE;;;;;;;;;;;;
"03351-PW-6""-C1-0013-N_HOJA-1_SP02";0294;"03351-PW-6""-C1-0013-N_HOJA-1";SP02;;0;;Válido;03351;;;;;;;;;;⚪ PENDIENTE;;;;;;;;;;;;
"03351-PW-6""-C1-0013-N_HOJA-1_SP03";0295;"03351-PW-6""-C1-0013-N_HOJA-1";SP03;;0;;Válido;03351;;;;;;;;;;⚪ PENDIENTE;;;;;;;;;;;;
"03351-PW-6""-C1-0013-N_HOJA-1_SP04";0296;"03351-PW-6""-C1-0013-N_HOJA-1";SP04;;0;;Válido;03351;;;;;;;;;;⚪ PENDIENTE;;;;;;;;;;;;
"03351-PW-6""-C1-0013-N_HOJA-1_SP05";0297;"03351-PW-6""-C1-0013-N_HOJA-1";SP05;;0;;Válido;03351;;;;;;;;;;⚪ PENDIENTE;;;;;;;;;;;;
"03351-PW-6""-C1-0013-N_HOJA-1_SP06";0298;"03351-PW-6""-C1-0013-N_HOJA-1";SP06;;0;;Válido;03351;;;;;;;;;;⚪ PENDIENTE;;;;;;;;;;;;
"03351-PW-6""-C1-0013-N_HOJA-1_SP07";0299;"03351-PW-6""-C1-0013-N_HOJA-1";SP07;;0;;Válido;03351;;;;;;;;;;⚪ PENDIENTE;;;;;;;;;;;;
"03351-PW-6""-C1-0013-N_HOJA-1_SP08";0300;"03351-PW-6""-C1-0013-N_HOJA-1";SP08;;0;;Válido;03351;;;;;;;;;;⚪ PENDIENTE;;;;;;;;;;;;
"03351-PW-6""-C1-0013-N_HOJA-2_SP01";0301;"03351-PW-6""-C1-0013-N_HOJA-2";SP01;;0;;Válido;03351;;;;;;;;;;⚪ PENDIENTE;;;;;;;;;;;;
"03351-PW-6""-C1-0013-N_HOJA-2_SP02";0302;"03351-PW-6""-C1-0013-N_HOJA-2";SP02;;0;;Válido;03351;;;;;;;;;;⚪ PENDIENTE;;;;;;;;;;;;
"03351-PW-6""-C1-0013-N_HOJA-2_SP03";0303;"03351-PW-6""-C1-0013-N_HOJA-2";SP03;;0;;Válido;03351;;;;;;;;;;⚪ PENDIENTE;;;;;;;;;;;;
"03351-PW-6""-C1-0013-N_HOJA-2_SP04";0304;"03351-PW-6""-C1-0013-N_HOJA-2";SP04;;0;;Válido;03351;;;;;;;;;;⚪ PENDIENTE;;;;;;;;;;;;
"03351-PW-6""-C1-0013-N_HOJA-2_SP05";0305;"03351-PW-6""-C1-0013-N_HOJA-2";SP05;;0;;Válido;03351;;;;;;;;;;⚪ PENDIENTE;;;;;;;;;;;;
"03351-PW-6""-C1-0013-N_HOJA-3_SP01";0306;"03351-PW-6""-C1-0013-N_HOJA-3";SP01;;0;;Válido;03351;;;;;;;;;;⚪ PENDIENTE;;;;;;;;;;;;
"03351-PW-6""-C1-0013-N_HOJA-3_SP02";0307;"03351-PW-6""-C1-0013-N_HOJA-3";SP02;;0;;Válido;03351;;;;;;;;;;⚪ PENDIENTE;;;;;;;;;;;;
"03351-PW-6""-C1-0013-N_HOJA-3_SP03";0308;"03351-PW-6""-C1-0013-N_HOJA-3";SP03;;0;;Válido;03351;;;;;;;;;;⚪ PENDIENTE;;;;;;;;;;;;
"03351-PW-6""-C1-0013-N_HOJA-3_SP04";0309;"03351-PW-6""-C1-0013-N_HOJA-3";SP04;;0;;Válido;03351;;;;;;;;;;⚪ PENDIENTE;;;;;;;;;;;;
"03351-PW-6""-C1-0013-N_HOJA-3_SP05";0310;"03351-PW-6""-C1-0013-N_HOJA-3";SP05;;0;;Válido;03351;;;;;;;;;;⚪ PENDIENTE;;;;;;;;;;;;
"03351-PW-6""-C1-0013-N_HOJA-3_SP06";0311;"03351-PW-6""-C1-0013-N_HOJA-3";SP06;;0;;Válido;03351;;;;;;;;;;⚪ PENDIENTE;;;;;;;;;;;;
"03351-PW-6""-C1-0013-N_HOJA-3_SP07";0312;"03351-PW-6""-C1-0013-N_HOJA-3";SP07;;0;;Válido;03351;;;;;;;;;;⚪ PENDIENTE;;;;;;;;;;;;
"03351-PW-6""-C1-0013-N_HOJA-3_SP08";0313;"03351-PW-6""-C1-0013-N_HOJA-3";SP08;;0;;Válido;03351;;;;;;;;;;⚪ PENDIENTE;;;;;;;;;;;;
"03351-PW-6""-C1-0013-N_HOJA-4_SP01";0314;"03351-PW-6""-C1-0013-N_HOJA-4";SP01;;0;;Válido;03351;;;;;;;;;;⚪ PENDIENTE;;;;;;;;;;;;
"03351-PW-6""-C1-0013-N_HOJA-4_SP02";0315;"03351-PW-6""-C1-0013-N_HOJA-4";SP02;;0;;Válido;03351;;;;;;;;;;⚪ PENDIENTE;;;;;;;;;;;;
"03351-PW-6""-C1-0013-N_HOJA-4_SP03";0316;"03351-PW-6""-C1-0013-N_HOJA-4";SP03;;0;;Válido;03351;;;;;;;;;;⚪ PENDIENTE;;;;;;;;;;;;
"03351-PW-6""-C1-0013-N_HOJA-4_SP04";0317;"03351-PW-6""-C1-0013-N_HOJA-4";SP04;;0;;Válido;03351;;;;;;;;;;⚪ PENDIENTE;;;;;;;;;;;;
"03351-PW-6""-C1-0013-N_HOJA-4_SP05";0318;"03351-PW-6""-C1-0013-N_HOJA-4";SP05;;0;;Válido;03351;;;;;;;;;;⚪ PENDIENTE;;;;;;;;;;;;
"03351-PW-6""-C1-0013-N_HOJA-4_SP06";0319;"03351-PW-6""-C1-0013-N_HOJA-4";SP06;;0;;Válido;03351;;;;;;;;;;⚪ PENDIENTE;;;;;;;;;;;;
"03351-PW-6""-C1-0013-N_HOJA-4_SP07";0320;"03351-PW-6""-C1-0013-N_HOJA-4";SP07;;0;;Válido;03351;;;;;;;;;;⚪ PENDIENTE;;;;;;;;;;;;
"03351-PW-6""-C1-0013-N_HOJA-5_SP01";0321;"03351-PW-6""-C1-0013-N_HOJA-5";SP01;;0;;Válido;03351;;;;;;;;;;⚪ PENDIENTE;;;;;;;;;;;;
"03351-PW-6""-C1-0013-N_HOJA-5_SP02";0322;"03351-PW-6""-C1-0013-N_HOJA-5";SP02;;0;;Válido;03351;;;;;;;;;;⚪ PENDIENTE;;;;;;;;;;;;
"03351-PW-6""-C1-0013-N_HOJA-5_SP03";0323;"03351-PW-6""-C1-0013-N_HOJA-5";SP03;;0;;Válido;03351;;;;;;;;;;⚪ PENDIENTE;;;;;;;;;;;;
"03351-PW-6""-C1-0013-N_HOJA-5_SP04";0324;"03351-PW-6""-C1-0013-N_HOJA-5";SP04;;0;;Válido;03351;;;;;;;;;;⚪ PENDIENTE;;;;;;;;;;;;
03351-RW-250-H1-0009-N_HOJA-1_SP01;0325;03351-RW-250-H1-0009-N_HOJA-1;SP01;;0;;Válido;03351;;;;;;;;;;⚪ PENDIENTE;;;;;;;;;;;;
03351-RW-250-H1-0009-N_HOJA-1_SP02;0326;03351-RW-250-H1-0009-N_HOJA-1;SP02;;0;;Válido;03351;;;;;;;;;;⚪ PENDIENTE;;;;;;;;;;;;
03351-RW-250-H1-0009-N_HOJA-1_SP03;0327;03351-RW-250-H1-0009-N_HOJA-1;SP03;;0;;Válido;03351;;;;;;;;;;⚪ PENDIENTE;;;;;;;;;;;;
03351-RW-250-H1-0010-N_HOJA-1_SP01;0328;03351-RW-250-H1-0010-N_HOJA-1;SP01;;0;;Válido;03351;;;;;;;;;;⚪ PENDIENTE;;;;;;;;;;;;
03351-RW-250-H1-0010-N_HOJA-1_SP02;0329;03351-RW-250-H1-0010-N_HOJA-1;SP02;;0;;Válido;03351;;;;;;;;;;⚪ PENDIENTE;;;;;;;;;;;;
03351-RW-250-H1-0010-N_HOJA-1_SP03;0330;03351-RW-250-H1-0010-N_HOJA-1;SP03;;0;;Válido;03351;;;;;;;;;;⚪ PENDIENTE;;;;;;;;;;;;
03351-RW-250-H1-0011-N_HOJA-1_SP01;0331;03351-RW-250-H1-0011-N_HOJA-1;SP01;;0;;Válido;03351;;;;;;;;;;⚪ PENDIENTE;;;;;;;;;;;;
03351-RW-250-H1-0011-N_HOJA-1_SP02;0332;03351-RW-250-H1-0011-N_HOJA-1;SP02;;0;;Válido;03351;;;;;;;;;;⚪ PENDIENTE;;;;;;;;;;;;
03351-RW-250-H1-0011-N_HOJA-1_SP03;0333;03351-RW-250-H1-0011-N_HOJA-1;SP03;;0;;Válido;03351;;;;;;;;;;⚪ PENDIENTE;;;;;;;;;;;;
03351-RW-450-H1-0008-N_HOJA-1_SP01;0334;03351-RW-450-H1-0008-N_HOJA-1;SP01;;0;;Válido;03351;;;;;;;;;;⚪ PENDIENTE;;;;;;;;;;;;
03351-RW-450-H1-0008-N_HOJA-1_SP02;0335;03351-RW-450-H1-0008-N_HOJA-1;SP02;;0;;Válido;03351;;;;;;;;;;⚪ PENDIENTE;;;;;;;;;;;;
03351-RW-450-H1-0008-N_HOJA-1_SP03;0336;03351-RW-450-H1-0008-N_HOJA-1;SP03;;0;;Válido;03351;;;;;;;;;;⚪ PENDIENTE;;;;;;;;;;;;
03351-RW-450-H1-0008-N_HOJA-1_SP04;0337;03351-RW-450-H1-0008-N_HOJA-1;SP04;;0;;Válido;03351;;;;;;;;;;⚪ PENDIENTE;;;;;;;;;;;;
