ID_LOG_MAT;MODO_INGRESO;ID_ASIGNACION;ID_MTO;DESC_BODEGA;DIAM_BODEGA;EVENTO;DOCUMENTO;CANT_MOVIMIENTO;FOTO_RESPALDO;UBIC_DESTINO;ID_BULK_ORIGEN;FECHA;USUARIO
c8142605;ASIGNADO A LÍNEA;M-00001;1.379;;;RECEPCIÓN;;4,72;;;;12/03/2026;Enzo Santambrogio
c8142606;ASIGNADO A LÍNEA;M-00002;1.380;;;RECEPCIÓN;;5,65;;;;12/03/2026;Enzo Santambrogio
c8142607;ASIGNADO A LÍNEA;M-00003;1.381;;;RECEPCIÓN;;0,48;;;;12/03/2026;Enzo Santambrogio
c8142608;ASIGNADO A LÍNEA;M-00004;1.382;;;RECEPCIÓN;;2,38;;;;12/03/2026;Enzo Santambrogio
c8142609;ASIGNADO A LÍNEA;M-00005;1.383;;;RECEPCIÓN;;2,96;;;;12/03/2026;Enzo Santambrogio
c8142610;ASIGNADO A LÍNEA;M-00006;1.384;;;RECEPCIÓN;;2,31;;;;12/03/2026;Enzo Santambrogio
c8142611;ASIGNADO A LÍNEA;M-00007;1.385;;;RECEPCIÓN;;0,7;;;;12/03/2026;Enzo Santambrogio
c8142612;ASIGNADO A LÍNEA;M-00008;1.386;;;RECEPCIÓN;;5,67;;;;12/03/2026;Enzo Santambrogio
c8142613;ASIGNADO A LÍNEA;M-00009;1.387;;;RECEPCIÓN;;2,89;;;;12/03/2026;Enzo Santambrogio
c8142614;ASIGNADO A LÍNEA;M-00010;1.388;;;RECEPCIÓN;;1,85;;;;12/03/2026;Enzo Santambrogio
c8142615;ASIGNADO A LÍNEA;M-00011;1.389;;;RECEPCIÓN;;6;;;;12/03/2026;Enzo Santambrogio
c8142616;ASIGNADO A LÍNEA;M-00012;1.390;;;RECEPCIÓN;;6;;;;12/03/2026;Enzo Santambrogio
c8142617;ASIGNADO A LÍNEA;M-00013;1.391;;;RECEPCIÓN;;6;;;;12/03/2026;Enzo Santambrogio
c8142618;ASIGNADO A LÍNEA;M-00014;1.392;;;RECEPCIÓN;;2,86;;;;12/03/2026;Enzo Santambrogio
c8142619;ASIGNADO A LÍNEA;M-00015;1.393;;;RECEPCIÓN;;6;;;;12/03/2026;Enzo Santambrogio
c8142620;ASIGNADO A LÍNEA;M-00016;1.394;;;RECEPCIÓN;;2,67;;;;12/03/2026;Enzo Santambrogio
c8142621;ASIGNADO A LÍNEA;M-00017;1.395;;;RECEPCIÓN;;2,92;;;;12/03/2026;Enzo Santambrogio
c8142622;ASIGNADO A LÍNEA;M-00018;1.396;;;RECEPCIÓN;;0,55;;;;12/03/2026;Enzo Santambrogio
c8142623;ASIGNADO A LÍNEA;M-00019;1.397;;;RECEPCIÓN;;6;;;;12/03/2026;Enzo Santambrogio
c8142624;ASIGNADO A LÍNEA;M-00020;1.400;;;RECEPCIÓN;;1,54;;;;12/03/2026;Enzo Santambrogio
c8142625;ASIGNADO A LÍNEA;M-00021;1.401;;;RECEPCIÓN;;0,51;;;;12/03/2026;Enzo Santambrogio
c8142626;ASIGNADO A LÍNEA;M-00022;1.402;;;RECEPCIÓN;;2,31;;;;12/03/2026;Enzo Santambrogio
c8142627;ASIGNADO A LÍNEA;M-00023;1.403;;;RECEPCIÓN;;2,15;;;;12/03/2026;Enzo Santambrogio
c8142628;ASIGNADO A LÍNEA;M-00024;1.404;;;RECEPCIÓN;;0,03;;;;12/03/2026;Enzo Santambrogio
c8142629;ASIGNADO A LÍNEA;M-00025;1.405;;;RECEPCIÓN;;2,38;;;;12/03/2026;Enzo Santambrogio
c8142630;ASIGNADO A LÍNEA;M-00026;1.406;;;RECEPCIÓN;;0,46;;;;12/03/2026;Enzo Santambrogio
c8142631;ASIGNADO A LÍNEA;M-00027;1.407;;;RECEPCIÓN;;5,65;;;;12/03/2026;Enzo Santambrogio
c8142632;ASIGNADO A LÍNEA;M-00028;1.408;;;RECEPCIÓN;;4,28;;;;12/03/2026;Enzo Santambrogio
c8142633;ASIGNADO A LÍNEA;M-00029;1.409;;;RECEPCIÓN;;4,28;;;;12/03/2026;Enzo Santambrogio
c8142634;ASIGNADO A LÍNEA;M-00030;1.410;;;RECEPCIÓN;;0,76;;;;12/03/2026;Enzo Santambrogio
c8142635;ASIGNADO A LÍNEA;M-00031;1.411;;;RECEPCIÓN;;5,98;;;;12/03/2026;Enzo Santambrogio
c8142636;ASIGNADO A LÍNEA;M-00032;1.412;;;RECEPCIÓN;;2,28;;;;12/03/2026;Enzo Santambrogio
c8142637;ASIGNADO A LÍNEA;M-00033;1.413;;;RECEPCIÓN;;3,14;;;;12/03/2026;Enzo Santambrogio
c8142638;ASIGNADO A LÍNEA;M-00034;1.414;;;RECEPCIÓN;;3,16;;;;12/03/2026;Enzo Santambrogio
c8142639;ASIGNADO A LÍNEA;M-00035;1.415;;;RECEPCIÓN;;2,81;;;;12/03/2026;Enzo Santambrogio
c8142640;ASIGNADO A LÍNEA;M-00036;1.416;;;RECEPCIÓN;;3,14;;;;12/03/2026;Enzo Santambrogio
c8142641;ASIGNADO A LÍNEA;M-00037;1.417;;;RECEPCIÓN;;6;;;;12/03/2026;Enzo Santambrogio
c8142642;ASIGNADO A LÍNEA;M-00038;1.418;;;RECEPCIÓN;;5,29;;;;12/03/2026;Enzo Santambrogio
c8142643;ASIGNADO A LÍNEA;M-00039;1.419;;;RECEPCIÓN;;3,14;;;;12/03/2026;Enzo Santambrogio
c8142644;ASIGNADO A LÍNEA;M-00040;1.420;;;RECEPCIÓN;;5,65;;;;12/03/2026;Enzo Santambrogio
c8142645;ASIGNADO A LÍNEA;M-00041;1.421;;;RECEPCIÓN;;6;;;;12/03/2026;Enzo Santambrogio
c8142646;ASIGNADO A LÍNEA;M-00042;1.422;;;RECEPCIÓN;;3,26;;;;12/03/2026;Enzo Santambrogio
c8142647;ASIGNADO A LÍNEA;M-00043;1.423;;;RECEPCIÓN;;0,76;;;;12/03/2026;Enzo Santambrogio
c8142648;ASIGNADO A LÍNEA;M-00044;1.424;;;RECEPCIÓN;;0,17;;;;12/03/2026;Enzo Santambrogio
c8142649;ASIGNADO A LÍNEA;M-00045;1.425;;;RECEPCIÓN;;0,39;;;;12/03/2026;Enzo Santambrogio
c8142650;ASIGNADO A LÍNEA;M-00046;1.426;;;RECEPCIÓN;;0,76;;;;12/03/2026;Enzo Santambrogio
c8142651;ASIGNADO A LÍNEA;M-00047;1.427;;;RECEPCIÓN;;0,28;;;;12/03/2026;Enzo Santambrogio
c8142652;ASIGNADO A LÍNEA;M-00048;1.428;;;RECEPCIÓN;;0,42;;;;12/03/2026;Enzo Santambrogio
c8142653;ASIGNADO A LÍNEA;M-00049;1.429;;;RECEPCIÓN;;0,29;;;;12/03/2026;Enzo Santambrogio
c8142654;ASIGNADO A LÍNEA;M-00050;1.430;;;RECEPCIÓN;;0,29;;;;12/03/2026;Enzo Santambrogio
c8142655;ASIGNADO A LÍNEA;M-00051;1.431;;;RECEPCIÓN;;6;;;;12/03/2026;Enzo Santambrogio
c8142656;ASIGNADO A LÍNEA;M-00052;1.432;;;RECEPCIÓN;;4,13;;;;12/03/2026;Enzo Santambrogio
c8142657;ASIGNADO A LÍNEA;M-00053;1.434;;;RECEPCIÓN;;1,97;;;;12/03/2026;Enzo Santambrogio
c8142658;ASIGNADO A LÍNEA;M-00054;1.435;;;RECEPCIÓN;;0,09;;;;12/03/2026;Enzo Santambrogio
c8142659;ASIGNADO A LÍNEA;M-00055;1.437;;;RECEPCIÓN;;0,85;;;;12/03/2026;Enzo Santambrogio
c8142660;ASIGNADO A LÍNEA;M-00056;1.438;;;RECEPCIÓN;;0,91;;;;12/03/2026;Enzo Santambrogio
c8142661;ASIGNADO A LÍNEA;M-00057;1.439;;;RECEPCIÓN;;0,42;;;;12/03/2026;Enzo Santambrogio
c8142662;ASIGNADO A LÍNEA;M-00058;1.440;;;RECEPCIÓN;;0,9;;;;12/03/2026;Enzo Santambrogio
c8142663;ASIGNADO A LÍNEA;M-00059;1.441;;;RECEPCIÓN;;6;;;;12/03/2026;Enzo Santambrogio
c8142664;ASIGNADO A LÍNEA;M-00060;1.442;;;RECEPCIÓN;;0,73;;;;12/03/2026;Enzo Santambrogio
c8142665;ASIGNADO A LÍNEA;M-00061;1.443;;;RECEPCIÓN;;0,35;;;;12/03/2026;Enzo Santambrogio
c8142666;ASIGNADO A LÍNEA;M-00062;1.444;;;RECEPCIÓN;;1,45;;;;12/03/2026;Enzo Santambrogio
c8142667;ASIGNADO A LÍNEA;M-00063;1.445;;;RECEPCIÓN;;0,14;;;;12/03/2026;Enzo Santambrogio
c8142668;ASIGNADO A LÍNEA;M-00064;1.446;;;RECEPCIÓN;;0,77;;;;12/03/2026;Enzo Santambrogio
c8142669;ASIGNADO A LÍNEA;M-00065;1.447;;;RECEPCIÓN;;0,88;;;;12/03/2026;Enzo Santambrogio
c8142670;ASIGNADO A LÍNEA;M-00066;1.448;;;RECEPCIÓN;;0,88;;;;12/03/2026;Enzo Santambrogio
c8142671;ASIGNADO A LÍNEA;M-00067;1.449;;;RECEPCIÓN;;0,33;;;;12/03/2026;Enzo Santambrogio
c8142672;ASIGNADO A LÍNEA;M-00068;1.451;;;RECEPCIÓN;;0,28;;;;12/03/2026;Enzo Santambrogio
c8142673;ASIGNADO A LÍNEA;M-00069;1.452;;;RECEPCIÓN;;0,42;;;;12/03/2026;Enzo Santambrogio
c8142674;ASIGNADO A LÍNEA;M-00070;1.453;;;RECEPCIÓN;;2,38;;;;12/03/2026;Enzo Santambrogio
c8142675;ASIGNADO A LÍNEA;M-00071;1.454;;;RECEPCIÓN;;0,18;;;;12/03/2026;Enzo Santambrogio
c8142676;ASIGNADO A LÍNEA;M-00072;1.455;;;RECEPCIÓN;;0,18;;;;12/03/2026;Enzo Santambrogio
c8142677;ASIGNADO A LÍNEA;M-00073;1.456;;;RECEPCIÓN;;0,18;;;;12/03/2026;Enzo Santambrogio
c8142678;ASIGNADO A LÍNEA;M-00074;1.457;;;RECEPCIÓN;;0,4;;;;12/03/2026;Enzo Santambrogio
c8142679;ASIGNADO A LÍNEA;M-00075;1.460;;;RECEPCIÓN;;0,76;;;;12/03/2026;Enzo Santambrogio
c8142680;ASIGNADO A LÍNEA;M-00076;1.462;;;RECEPCIÓN;;1,03;;;;12/03/2026;Enzo Santambrogio
c8142681;ASIGNADO A LÍNEA;M-00077;1.463;;;RECEPCIÓN;;0,1;;;;12/03/2026;Enzo Santambrogio
c8142682;ASIGNADO A LÍNEA;M-00078;1.464;;;RECEPCIÓN;;6;;;;12/03/2026;Enzo Santambrogio
c8142683;ASIGNADO A LÍNEA;M-00079;1.465;;;RECEPCIÓN;;1,04;;;;12/03/2026;Enzo Santambrogio
c8142684;ASIGNADO A LÍNEA;M-00080;1.466;;;RECEPCIÓN;;4,69;;;;12/03/2026;Enzo Santambrogio
c8142685;ASIGNADO A LÍNEA;M-00081;1.468;;;RECEPCIÓN;;0,15;;;;12/03/2026;Enzo Santambrogio
c8142686;ASIGNADO A LÍNEA;M-00082;1.469;;;RECEPCIÓN;;0,06;;;;12/03/2026;Enzo Santambrogio
c8142687;ASIGNADO A LÍNEA;M-00083;1.470;;;RECEPCIÓN;;1,58;;;;12/03/2026;Enzo Santambrogio
c8142688;ASIGNADO A LÍNEA;M-00084;1.471;;;RECEPCIÓN;;2,67;;;;12/03/2026;Enzo Santambrogio
c8142689;ASIGNADO A LÍNEA;M-00085;1.472;;;RECEPCIÓN;;0,1;;;;12/03/2026;Enzo Santambrogio
c8142690;ASIGNADO A LÍNEA;M-00086;1.473;;;RECEPCIÓN;;0,1;;;;12/03/2026;Enzo Santambrogio
c8142691;ASIGNADO A LÍNEA;M-00087;1.474;;;RECEPCIÓN;;6;;;;12/03/2026;Enzo Santambrogio
c8142692;ASIGNADO A LÍNEA;M-00088;1.475;;;RECEPCIÓN;;0,3;;;;12/03/2026;Enzo Santambrogio
c8142693;ASIGNADO A LÍNEA;M-00089;1.476;;;RECEPCIÓN;;4,86;;;;12/03/2026;Enzo Santambrogio
c8142694;ASIGNADO A LÍNEA;M-00090;1.477;;;RECEPCIÓN;;0,25;;;;12/03/2026;Enzo Santambrogio
c8142695;ASIGNADO A LÍNEA;M-00091;1.478;;;RECEPCIÓN;;3,02;;;;12/03/2026;Enzo Santambrogio
c8142696;ASIGNADO A LÍNEA;M-00092;1.479;;;RECEPCIÓN;;4,72;;;;12/03/2026;Enzo Santambrogio
c8142697;ASIGNADO A LÍNEA;M-00093;1.480;;;RECEPCIÓN;;4,51;;;;12/03/2026;Enzo Santambrogio
c8142698;ASIGNADO A LÍNEA;M-00094;1.481;;;RECEPCIÓN;;2,01;;;;12/03/2026;Enzo Santambrogio
c8142699;ASIGNADO A LÍNEA;M-00095;1.485;;;RECEPCIÓN;;1,58;;;;12/03/2026;Enzo Santambrogio
c8142700;ASIGNADO A LÍNEA;M-00096;1.486;;;RECEPCIÓN;;3,9;;;;12/03/2026;Enzo Santambrogio
c8142701;ASIGNADO A LÍNEA;M-00097;1.487;;;RECEPCIÓN;;0,92;;;;12/03/2026;Enzo Santambrogio
c8142702;ASIGNADO A LÍNEA;M-00098;1.489;;;RECEPCIÓN;;2,31;;;;12/03/2026;Enzo Santambrogio
c8142703;ASIGNADO A LÍNEA;M-00099;1.490;;;RECEPCIÓN;;6;;;;12/03/2026;Enzo Santambrogio
c8142704;ASIGNADO A LÍNEA;M-00100;1.492;;;RECEPCIÓN;;0,35;;;;12/03/2026;Enzo Santambrogio
c8142705;ASIGNADO A LÍNEA;M-00101;1.493;;;RECEPCIÓN;;4,69;;;;12/03/2026;Enzo Santambrogio
c8142706;ASIGNADO A LÍNEA;M-00102;1.494;;;RECEPCIÓN;;1,04;;;;12/03/2026;Enzo Santambrogio
c8142707;ASIGNADO A LÍNEA;M-00103;1.495;;;RECEPCIÓN;;1,23;;;;12/03/2026;Enzo Santambrogio
c8142708;ASIGNADO A LÍNEA;M-00104;1.498;;;RECEPCIÓN;;0,76;;;;12/03/2026;Enzo Santambrogio
c8142709;ASIGNADO A LÍNEA;M-00105;1.500;;;RECEPCIÓN;;0,13;;;;12/03/2026;Enzo Santambrogio
c8142710;ASIGNADO A LÍNEA;M-00106;1.501;;;RECEPCIÓN;;0,13;;;;12/03/2026;Enzo Santambrogio
c8142711;ASIGNADO A LÍNEA;M-00107;1.502;;;RECEPCIÓN;;5,51;;;;12/03/2026;Enzo Santambrogio
c8142712;ASIGNADO A LÍNEA;M-00108;1.503;;;RECEPCIÓN;;5,21;;;;12/03/2026;Enzo Santambrogio
c8142713;ASIGNADO A LÍNEA;M-00109;1.504;;;RECEPCIÓN;;6;;;;12/03/2026;Enzo Santambrogio
c8142714;ASIGNADO A LÍNEA;M-00110;1.505;;;RECEPCIÓN;;0,56;;;;12/03/2026;Enzo Santambrogio
c8142715;ASIGNADO A LÍNEA;M-00111;1.506;;;RECEPCIÓN;;0,87;;;;12/03/2026;Enzo Santambrogio
c8142716;ASIGNADO A LÍNEA;M-00112;1.507;;;RECEPCIÓN;;2,33;;;;12/03/2026;Enzo Santambrogio
c8142717;ASIGNADO A LÍNEA;M-00113;1.508;;;RECEPCIÓN;;0,27;;;;12/03/2026;Enzo Santambrogio
c8142718;ASIGNADO A LÍNEA;M-00114;1.509;;;RECEPCIÓN;;0,1;;;;12/03/2026;Enzo Santambrogio
c8142719;ASIGNADO A LÍNEA;M-00115;1.510;;;RECEPCIÓN;;6;;;;12/03/2026;Enzo Santambrogio
c8142720;ASIGNADO A LÍNEA;M-00116;1.511;;;RECEPCIÓN;;6;;;;12/03/2026;Enzo Santambrogio
c8142721;ASIGNADO A LÍNEA;M-00117;1.512;;;RECEPCIÓN;;6;;;;12/03/2026;Enzo Santambrogio
c8142722;ASIGNADO A LÍNEA;M-00118;1.513;;;RECEPCIÓN;;0,49;;;;12/03/2026;Enzo Santambrogio
c8142723;ASIGNADO A LÍNEA;M-00119;1.514;;;RECEPCIÓN;;0,67;;;;12/03/2026;Enzo Santambrogio
c8142724;ASIGNADO A LÍNEA;M-00120;1.515;;;RECEPCIÓN;;0,77;;;;12/03/2026;Enzo Santambrogio
c8142725;ASIGNADO A LÍNEA;M-00121;1.516;;;RECEPCIÓN;;0,15;;;;12/03/2026;Enzo Santambrogio
c8142726;ASIGNADO A LÍNEA;M-00122;1.517;;;RECEPCIÓN;;0,85;;;;12/03/2026;Enzo Santambrogio
c8142727;ASIGNADO A LÍNEA;M-00123;1.518;;;RECEPCIÓN;;5,79;;;;12/03/2026;Enzo Santambrogio
c8142728;ASIGNADO A LÍNEA;M-00124;1.519;;;RECEPCIÓN;;0,03;;;;12/03/2026;Enzo Santambrogio
c8142729;ASIGNADO A LÍNEA;M-00125;1.520;;;RECEPCIÓN;;6;;;;12/03/2026;Enzo Santambrogio
c8142730;ASIGNADO A LÍNEA;M-00126;1.521;;;RECEPCIÓN;;5,05;;;;12/03/2026;Enzo Santambrogio
c8142731;ASIGNADO A LÍNEA;M-00127;1.522;;;RECEPCIÓN;;3,25;;;;12/03/2026;Enzo Santambrogio
c8142732;ASIGNADO A LÍNEA;M-00128;1.523;;;RECEPCIÓN;;2,12;;;;12/03/2026;Enzo Santambrogio
c8142733;ASIGNADO A LÍNEA;M-00129;1.524;;;RECEPCIÓN;;6;;;;12/03/2026;Enzo Santambrogio
c8142734;ASIGNADO A LÍNEA;M-00130;1.525;;;RECEPCIÓN;;2,99;;;;12/03/2026;Enzo Santambrogio
c8142735;ASIGNADO A LÍNEA;M-00131;1.526;;;RECEPCIÓN;;6;;;;12/03/2026;Enzo Santambrogio
c8142736;ASIGNADO A LÍNEA;M-00132;1.527;;;RECEPCIÓN;;2,38;;;;12/03/2026;Enzo Santambrogio
c8142737;ASIGNADO A LÍNEA;M-00133;1.528;;;RECEPCIÓN;;6;;;;12/03/2026;Enzo Santambrogio
c8142738;ASIGNADO A LÍNEA;M-00134;1.529;;;RECEPCIÓN;;6;;;;12/03/2026;Enzo Santambrogio
c8142739;ASIGNADO A LÍNEA;M-00135;1.530;;;RECEPCIÓN;;6;;;;12/03/2026;Enzo Santambrogio
c8142740;ASIGNADO A LÍNEA;M-00136;1.531;;;RECEPCIÓN;;6;;;;12/03/2026;Enzo Santambrogio
c8142741;ASIGNADO A LÍNEA;M-00137;1.532;;;RECEPCIÓN;;6;;;;12/03/2026;Enzo Santambrogio
c8142742;ASIGNADO A LÍNEA;M-00138;1.533;;;RECEPCIÓN;;6;;;;12/03/2026;Enzo Santambrogio
c8142743;ASIGNADO A LÍNEA;M-00139;1.534;;;RECEPCIÓN;;5,99;;;;12/03/2026;Enzo Santambrogio
c8142744;ASIGNADO A LÍNEA;M-00140;1.535;;;RECEPCIÓN;;6;;;;12/03/2026;Enzo Santambrogio
c8142745;ASIGNADO A LÍNEA;M-00141;1.536;;;RECEPCIÓN;;6;;;;12/03/2026;Enzo Santambrogio
c8142746;ASIGNADO A LÍNEA;M-00142;1.537;;;RECEPCIÓN;;2,12;;;;12/03/2026;Enzo Santambrogio
c8142747;ASIGNADO A LÍNEA;M-00143;1.538;;;RECEPCIÓN;;6;;;;12/03/2026;Enzo Santambrogio
c8142748;ASIGNADO A LÍNEA;M-00144;1.539;;;RECEPCIÓN;;6;;;;12/03/2026;Enzo Santambrogio
c8142749;ASIGNADO A LÍNEA;M-00145;1.540;;;RECEPCIÓN;;0,6;;;;12/03/2026;Enzo Santambrogio
c8142750;ASIGNADO A LÍNEA;M-00146;1.541;;;RECEPCIÓN;;1,99;;;;12/03/2026;Enzo Santambrogio
c8142751;ASIGNADO A LÍNEA;M-00147;1.542;;;RECEPCIÓN;;0,6;;;;12/03/2026;Enzo Santambrogio
c8142752;ASIGNADO A LÍNEA;M-00148;1.543;;;RECEPCIÓN;;0,59;;;;12/03/2026;Enzo Santambrogio
c8142753;ASIGNADO A LÍNEA;M-00149;1.544;;;RECEPCIÓN;;0,19;;;;12/03/2026;Enzo Santambrogio
c8142754;ASIGNADO A LÍNEA;M-00150;1.545;;;RECEPCIÓN;;0,17;;;;12/03/2026;Enzo Santambrogio
c8142755;ASIGNADO A LÍNEA;M-00151;1.546;;;RECEPCIÓN;;2,93;;;;12/03/2026;Enzo Santambrogio
c8142756;ASIGNADO A LÍNEA;M-00152;1.547;;;RECEPCIÓN;;3,66;;;;12/03/2026;Enzo Santambrogio
c8142757;ASIGNADO A LÍNEA;M-00153;1.549;;;RECEPCIÓN;;0,16;;;;12/03/2026;Enzo Santambrogio
c8142758;ASIGNADO A LÍNEA;M-00154;1.551;;;RECEPCIÓN;;2,76;;;;12/03/2026;Enzo Santambrogio
c8142759;ASIGNADO A LÍNEA;M-00155;1.552;;;RECEPCIÓN;;1,97;;;;12/03/2026;Enzo Santambrogio
c8142760;ASIGNADO A LÍNEA;M-00156;1.556;;;RECEPCIÓN;;5,65;;;;12/03/2026;Enzo Santambrogio
c8142761;ASIGNADO A LÍNEA;M-00157;1.559;;;RECEPCIÓN;;2,87;;;;12/03/2026;Enzo Santambrogio
c8142762;ASIGNADO A LÍNEA;M-00158;1.560;;;RECEPCIÓN;;0,64;;;;12/03/2026;Enzo Santambrogio
c8142763;ASIGNADO A LÍNEA;M-00159;1.561;;;RECEPCIÓN;;2;;;;12/03/2026;Enzo Santambrogio
c8142764;ASIGNADO A LÍNEA;M-00160;1.562;;;RECEPCIÓN;;2,87;;;;12/03/2026;Enzo Santambrogio
c8142765;ASIGNADO A LÍNEA;M-00161;1.565;;;RECEPCIÓN;;1,98;;;;12/03/2026;Enzo Santambrogio
c8142766;ASIGNADO A LÍNEA;M-00162;1.566;;;RECEPCIÓN;;46,25;;;;12/03/2026;Enzo Santambrogio
c8142767;ASIGNADO A LÍNEA;M-00163;1.567;;;RECEPCIÓN;;8,42;;;;12/03/2026;Enzo Santambrogio
c8142768;ASIGNADO A LÍNEA;M-00164;1.569;;;RECEPCIÓN;;1,99;;;;12/03/2026;Enzo Santambrogio
c8142769;ASIGNADO A LÍNEA;M-00165;1.571;;;RECEPCIÓN;;1,27;;;;12/03/2026;Enzo Santambrogio
c8142770;ASIGNADO A LÍNEA;M-00166;1.573;;;RECEPCIÓN;;2,67;;;;12/03/2026;Enzo Santambrogio
c8142771;ASIGNADO A LÍNEA;M-00167;1.574;;;RECEPCIÓN;;0,28;;;;12/03/2026;Enzo Santambrogio
c8142772;ASIGNADO A LÍNEA;M-00168;1.575;;;RECEPCIÓN;;4,89;;;;12/03/2026;Enzo Santambrogio
c8142773;ASIGNADO A LÍNEA;M-00169;1.577;;;RECEPCIÓN;;4,24;;;;12/03/2026;Enzo Santambrogio
c8142774;ASIGNADO A LÍNEA;M-00170;1.579;;;RECEPCIÓN;;2,41;;;;12/03/2026;Enzo Santambrogio
c8142775;ASIGNADO A LÍNEA;M-00171;1.580;;;RECEPCIÓN;;0,15;;;;12/03/2026;Enzo Santambrogio
c8142776;ASIGNADO A LÍNEA;M-00172;1.581;;;RECEPCIÓN;;14,37;;;;12/03/2026;Enzo Santambrogio
c8142777;ASIGNADO A LÍNEA;M-00173;1.582;;;RECEPCIÓN;;0,36;;;;12/03/2026;Enzo Santambrogio
c8142778;ASIGNADO A LÍNEA;M-00174;1.583;;;RECEPCIÓN;;0,49;;;;12/03/2026;Enzo Santambrogio
c8142779;ASIGNADO A LÍNEA;M-00175;1.588;;;RECEPCIÓN;;1,64;;;;12/03/2026;Enzo Santambrogio
c8142780;ASIGNADO A LÍNEA;M-00176;1.592;;;RECEPCIÓN;;1,69;;;;12/03/2026;Enzo Santambrogio
c8142781;ASIGNADO A LÍNEA;M-00177;1.594;;;RECEPCIÓN;;2,92;;;;12/03/2026;Enzo Santambrogio
c8142782;ASIGNADO A LÍNEA;M-00178;1.595;;;RECEPCIÓN;;5,5;;;;12/03/2026;Enzo Santambrogio
c8142783;ASIGNADO A LÍNEA;M-00179;1.596;;;RECEPCIÓN;;5,5;;;;12/03/2026;Enzo Santambrogio
c8142784;ASIGNADO A LÍNEA;M-00180;1.597;;;RECEPCIÓN;;0,38;;;;12/03/2026;Enzo Santambrogio
c8142785;ASIGNADO A LÍNEA;M-00181;1.598;;;RECEPCIÓN;;0,26;;;;12/03/2026;Enzo Santambrogio
c8142786;ASIGNADO A LÍNEA;M-00182;1.599;;;RECEPCIÓN;;0,26;;;;12/03/2026;Enzo Santambrogio
c8142787;ASIGNADO A LÍNEA;M-00183;1.603;;;RECEPCIÓN;;2,8;;;;12/03/2026;Enzo Santambrogio
c8142788;ASIGNADO A LÍNEA;M-00184;1.604;;;RECEPCIÓN;;1,99;;;;12/03/2026;Enzo Santambrogio
c8142789;ASIGNADO A LÍNEA;M-00185;1.605;;;RECEPCIÓN;;11,48;;;;12/03/2026;Enzo Santambrogio
c8142790;ASIGNADO A LÍNEA;M-00186;1.606;;;RECEPCIÓN;;2,29;;;;12/03/2026;Enzo Santambrogio
c8142791;ASIGNADO A LÍNEA;M-00187;1.608;;;RECEPCIÓN;;4,29;;;;12/03/2026;Enzo Santambrogio
c8142792;ASIGNADO A LÍNEA;M-00188;1.609;;;RECEPCIÓN;;0,4;;;;12/03/2026;Enzo Santambrogio
c8142793;ASIGNADO A LÍNEA;M-00189;1.611;;;RECEPCIÓN;;2,29;;;;12/03/2026;Enzo Santambrogio
c8142794;ASIGNADO A LÍNEA;M-00190;1.612;;;RECEPCIÓN;;12,77;;;;12/03/2026;Enzo Santambrogio
c8142795;ASIGNADO A LÍNEA;M-00191;1.617;;;RECEPCIÓN;;7,13;;;;12/03/2026;Enzo Santambrogio
c8142796;ASIGNADO A LÍNEA;M-00192;1.618;;;RECEPCIÓN;;12,35;;;;12/03/2026;Enzo Santambrogio
c8142797;ASIGNADO A LÍNEA;M-00193;1.619;;;RECEPCIÓN;;5,63;;;;12/03/2026;Enzo Santambrogio
c8142798;ASIGNADO A LÍNEA;M-00194;1.620;;;RECEPCIÓN;;3,24;;;;12/03/2026;Enzo Santambrogio
c8142799;ASIGNADO A LÍNEA;M-00195;1.621;;;RECEPCIÓN;;1,29;;;;12/03/2026;Enzo Santambrogio
c8142800;ASIGNADO A LÍNEA;M-00196;1.622;;;RECEPCIÓN;;11,8;;;;12/03/2026;Enzo Santambrogio
c8142801;ASIGNADO A LÍNEA;M-00197;1.623;;;RECEPCIÓN;;10,9;;;;12/03/2026;Enzo Santambrogio
c8142802;ASIGNADO A LÍNEA;M-00198;1.624;;;RECEPCIÓN;;0,6;;;;12/03/2026;Enzo Santambrogio
c8142803;ASIGNADO A LÍNEA;M-00199;1.625;;;RECEPCIÓN;;1,44;;;;12/03/2026;Enzo Santambrogio
c8142804;ASIGNADO A LÍNEA;M-00200;1.626;;;RECEPCIÓN;;1,39;;;;12/03/2026;Enzo Santambrogio
c8142805;ASIGNADO A LÍNEA;M-00201;1.627;;;RECEPCIÓN;;1,09;;;;12/03/2026;Enzo Santambrogio
c8142806;ASIGNADO A LÍNEA;M-00202;1.628;;;RECEPCIÓN;;1,06;;;;12/03/2026;Enzo Santambrogio
c8142807;ASIGNADO A LÍNEA;M-00203;1.629;;;RECEPCIÓN;;1,42;;;;12/03/2026;Enzo Santambrogio
c8142808;ASIGNADO A LÍNEA;M-00204;1.630;;;RECEPCIÓN;;1,42;;;;12/03/2026;Enzo Santambrogio
c8142809;ASIGNADO A LÍNEA;M-00205;1.631;;;RECEPCIÓN;;1,42;;;;12/03/2026;Enzo Santambrogio
c8142810;ASIGNADO A LÍNEA;M-00206;1.636;;;RECEPCIÓN;;6;;;;12/03/2026;Enzo Santambrogio
c8142811;ASIGNADO A LÍNEA;M-00207;1.637;;;RECEPCIÓN;;1,7;;;;12/03/2026;Enzo Santambrogio
c8142812;ASIGNADO A LÍNEA;M-00208;1.638;;;RECEPCIÓN;;6;;;;12/03/2026;Enzo Santambrogio
c8142813;ASIGNADO A LÍNEA;M-00209;1.639;;;RECEPCIÓN;;6;;;;12/03/2026;Enzo Santambrogio
c8142814;ASIGNADO A LÍNEA;M-00210;1.640;;;RECEPCIÓN;;6;;;;12/03/2026;Enzo Santambrogio
c8142815;ASIGNADO A LÍNEA;M-00211;1.641;;;RECEPCIÓN;;6;;;;12/03/2026;Enzo Santambrogio
c8142816;ASIGNADO A LÍNEA;M-00212;1.642;;;RECEPCIÓN;;6;;;;12/03/2026;Enzo Santambrogio
c8142817;ASIGNADO A LÍNEA;M-00213;1.643;;;RECEPCIÓN;;6;;;;12/03/2026;Enzo Santambrogio
c8142818;ASIGNADO A LÍNEA;M-00214;1.644;;;RECEPCIÓN;;5,4;;;;12/03/2026;Enzo Santambrogio
c8142819;ASIGNADO A LÍNEA;M-00215;1.645;;;RECEPCIÓN;;6;;;;12/03/2026;Enzo Santambrogio
c8142820;ASIGNADO A LÍNEA;M-00216;1.646;;;RECEPCIÓN;;1,94;;;;12/03/2026;Enzo Santambrogio
c8142821;ASIGNADO A LÍNEA;M-00217;1.647;;;RECEPCIÓN;;3,02;;;;12/03/2026;Enzo Santambrogio
c8142822;ASIGNADO A LÍNEA;M-00218;1.648;;;RECEPCIÓN;;0,98;;;;12/03/2026;Enzo Santambrogio
c8142823;ASIGNADO A LÍNEA;M-00219;1.649;;;RECEPCIÓN;;2,85;;;;12/03/2026;Enzo Santambrogio
c8142824;ASIGNADO A LÍNEA;M-00220;1.650;;;RECEPCIÓN;;6;;;;12/03/2026;Enzo Santambrogio
c8142825;ASIGNADO A LÍNEA;M-00221;1.651;;;RECEPCIÓN;;2,39;;;;12/03/2026;Enzo Santambrogio
c8142826;ASIGNADO A LÍNEA;M-00222;1.652;;;RECEPCIÓN;;3,64;;;;12/03/2026;Enzo Santambrogio
c8142827;ASIGNADO A LÍNEA;M-00223;1.653;;;RECEPCIÓN;;6;;;;12/03/2026;Enzo Santambrogio
c8142828;ASIGNADO A LÍNEA;M-00224;1.654;;;RECEPCIÓN;;6;;;;12/03/2026;Enzo Santambrogio
c8142829;ASIGNADO A LÍNEA;M-00225;1.655;;;RECEPCIÓN;;0,67;;;;12/03/2026;Enzo Santambrogio
c8142830;ASIGNADO A LÍNEA;M-00226;1.656;;;RECEPCIÓN;;5,98;;;;12/03/2026;Enzo Santambrogio
c8142831;ASIGNADO A LÍNEA;M-00227;1.657;;;RECEPCIÓN;;5,65;;;;12/03/2026;Enzo Santambrogio
c8142832;ASIGNADO A LÍNEA;M-00228;1.658;;;RECEPCIÓN;;1,45;;;;12/03/2026;Enzo Santambrogio
c8142833;ASIGNADO A LÍNEA;M-00229;1.659;;;RECEPCIÓN;;0,52;;;;12/03/2026;Enzo Santambrogio
c8142834;ASIGNADO A LÍNEA;M-00230;1.660;;;RECEPCIÓN;;0,14;;;;12/03/2026;Enzo Santambrogio
c8142835;ASIGNADO A LÍNEA;M-00231;1.661;;;RECEPCIÓN;;6;;;;12/03/2026;Enzo Santambrogio
c8142836;ASIGNADO A LÍNEA;M-00232;1.662;;;RECEPCIÓN;;3,38;;;;12/03/2026;Enzo Santambrogio
c8142837;ASIGNADO A LÍNEA;M-00233;1.663;;;RECEPCIÓN;;1,59;;;;12/03/2026;Enzo Santambrogio
c8142838;ASIGNADO A LÍNEA;M-00234;1.664;;;RECEPCIÓN;;1,8;;;;12/03/2026;Enzo Santambrogio
c8142839;ASIGNADO A LÍNEA;M-00235;1.665;;;RECEPCIÓN;;0,24;;;;12/03/2026;Enzo Santambrogio
c8142840;ASIGNADO A LÍNEA;M-00236;1.666;;;RECEPCIÓN;;5,9;;;;12/03/2026;Enzo Santambrogio
c8142841;ASIGNADO A LÍNEA;M-00237;1.667;;;RECEPCIÓN;;4,27;;;;12/03/2026;Enzo Santambrogio
c8142842;ASIGNADO A LÍNEA;M-00238;1.668;;;RECEPCIÓN;;0,15;;;;12/03/2026;Enzo Santambrogio
c8142843;ASIGNADO A LÍNEA;M-00239;1.669;;;RECEPCIÓN;;3,26;;;;12/03/2026;Enzo Santambrogio
c8142844;ASIGNADO A LÍNEA;M-00240;1.670;;;RECEPCIÓN;;1,97;;;;12/03/2026;Enzo Santambrogio
c8142845;ASIGNADO A LÍNEA;M-00241;1.671;;;RECEPCIÓN;;4,22;;;;12/03/2026;Enzo Santambrogio
c8142846;ASIGNADO A LÍNEA;M-00242;1.672;;;RECEPCIÓN;;0,4;;;;12/03/2026;Enzo Santambrogio
c8142847;ASIGNADO A LÍNEA;M-00243;1.674;;;RECEPCIÓN;;0,7;;;;12/03/2026;Enzo Santambrogio
c8142848;ASIGNADO A LÍNEA;M-00244;1.675;;;RECEPCIÓN;;0,39;;;;12/03/2026;Enzo Santambrogio
c8142849;ASIGNADO A LÍNEA;M-00245;1.676;;;RECEPCIÓN;;0,7;;;;12/03/2026;Enzo Santambrogio
c8142850;ASIGNADO A LÍNEA;M-00246;1.677;;;RECEPCIÓN;;0,7;;;;12/03/2026;Enzo Santambrogio
c8142851;ASIGNADO A LÍNEA;M-00247;1.678;;;RECEPCIÓN;;0,04;;;;12/03/2026;Enzo Santambrogio
c8142852;ASIGNADO A LÍNEA;M-00248;1.679;;;RECEPCIÓN;;0,4;;;;12/03/2026;Enzo Santambrogio
c8142853;ASIGNADO A LÍNEA;M-00249;1.680;;;RECEPCIÓN;;0,36;;;;12/03/2026;Enzo Santambrogio
c8142854;ASIGNADO A LÍNEA;M-00250;1.681;;;RECEPCIÓN;;0,34;;;;12/03/2026;Enzo Santambrogio
c8142855;ASIGNADO A LÍNEA;M-00251;1.682;;;RECEPCIÓN;;0,1;;;;12/03/2026;Enzo Santambrogio
c8142856;ASIGNADO A LÍNEA;M-00252;1.683;;;RECEPCIÓN;;0,1;;;;12/03/2026;Enzo Santambrogio
c8142857;ASIGNADO A LÍNEA;M-00253;1.684;;;RECEPCIÓN;;0,33;;;;12/03/2026;Enzo Santambrogio
c8142858;ASIGNADO A LÍNEA;M-00254;1.685;;;RECEPCIÓN;;0,34;;;;12/03/2026;Enzo Santambrogio
c8142859;ASIGNADO A LÍNEA;M-00255;1.686;;;RECEPCIÓN;;0,02;;;;12/03/2026;Enzo Santambrogio
c8142860;ASIGNADO A LÍNEA;M-00256;1.687;;;RECEPCIÓN;;0,51;;;;12/03/2026;Enzo Santambrogio
c8142861;ASIGNADO A LÍNEA;M-00257;1.688;;;RECEPCIÓN;;0,13;;;;12/03/2026;Enzo Santambrogio
c8142862;ASIGNADO A LÍNEA;M-00258;1.689;;;RECEPCIÓN;;0,1;;;;12/03/2026;Enzo Santambrogio
c8142863;ASIGNADO A LÍNEA;M-00259;1.690;;;RECEPCIÓN;;0,15;;;;12/03/2026;Enzo Santambrogio
c8142864;ASIGNADO A LÍNEA;M-00260;1.691;;;RECEPCIÓN;;0,07;;;;12/03/2026;Enzo Santambrogio
c8142865;ASIGNADO A LÍNEA;M-00261;1.692;;;RECEPCIÓN;;0,27;;;;12/03/2026;Enzo Santambrogio
c8142866;ASIGNADO A LÍNEA;M-00262;1.693;;;RECEPCIÓN;;0,13;;;;12/03/2026;Enzo Santambrogio
c8142867;ASIGNADO A LÍNEA;M-00263;1.694;;;RECEPCIÓN;;3,1;;;;12/03/2026;Enzo Santambrogio
c8142868;ASIGNADO A LÍNEA;M-00264;1.695;;;RECEPCIÓN;;0,3;;;;12/03/2026;Enzo Santambrogio
c8142869;ASIGNADO A LÍNEA;M-00265;1.696;;;RECEPCIÓN;;1,9;;;;12/03/2026;Enzo Santambrogio
c8142870;ASIGNADO A LÍNEA;M-00266;1.697;;;RECEPCIÓN;;4,88;;;;12/03/2026;Enzo Santambrogio
c8142871;ASIGNADO A LÍNEA;M-00267;1.698;;;RECEPCIÓN;;0,19;;;;12/03/2026;Enzo Santambrogio
c8142872;ASIGNADO A LÍNEA;M-00268;1.699;;;RECEPCIÓN;;2;;;;12/03/2026;Enzo Santambrogio
c8142873;ASIGNADO A LÍNEA;M-00269;1.700;;;RECEPCIÓN;;0,36;;;;12/03/2026;Enzo Santambrogio
c8142874;ASIGNADO A LÍNEA;M-00270;1.701;;;RECEPCIÓN;;0,47;;;;12/03/2026;Enzo Santambrogio
c8142875;ASIGNADO A LÍNEA;M-00271;1.702;;;RECEPCIÓN;;3,37;;;;12/03/2026;Enzo Santambrogio
c8142876;ASIGNADO A LÍNEA;M-00272;1.703;;;RECEPCIÓN;;0,15;;;;12/03/2026;Enzo Santambrogio
c8142877;ASIGNADO A LÍNEA;M-00273;1.704;;;RECEPCIÓN;;8,74;;;;12/03/2026;Enzo Santambrogio
c8142878;ASIGNADO A LÍNEA;M-00274;1.705;;;RECEPCIÓN;;0,2;;;;12/03/2026;Enzo Santambrogio
c8142879;ASIGNADO A LÍNEA;M-00275;1.706;;;RECEPCIÓN;;0,1;;;;12/03/2026;Enzo Santambrogio
c8142880;ASIGNADO A LÍNEA;M-00276;1.707;;;RECEPCIÓN;;0,47;;;;12/03/2026;Enzo Santambrogio
c8142881;ASIGNADO A LÍNEA;M-00277;1.708;;;RECEPCIÓN;;0,47;;;;12/03/2026;Enzo Santambrogio
c8142882;ASIGNADO A LÍNEA;M-00278;1.709;;;RECEPCIÓN;;1,17;;;;12/03/2026;Enzo Santambrogio
c8142883;ASIGNADO A LÍNEA;M-00279;1.710;;;RECEPCIÓN;;0,09;;;;12/03/2026;Enzo Santambrogio
c8142884;ASIGNADO A LÍNEA;M-00280;1.711;;;RECEPCIÓN;;0,36;;;;12/03/2026;Enzo Santambrogio
c8142885;ASIGNADO A LÍNEA;M-00281;1.712;;;RECEPCIÓN;;0,12;;;;12/03/2026;Enzo Santambrogio
c8142886;ASIGNADO A LÍNEA;M-00282;1.713;;;RECEPCIÓN;;0,1;;;;12/03/2026;Enzo Santambrogio
c8142887;ASIGNADO A LÍNEA;M-00283;1.714;;;RECEPCIÓN;;0,14;;;;12/03/2026;Enzo Santambrogio
c8142888;ASIGNADO A LÍNEA;M-00284;1.715;;;RECEPCIÓN;;0,23;;;;12/03/2026;Enzo Santambrogio
c8142889;ASIGNADO A LÍNEA;M-00285;1.716;;;RECEPCIÓN;;2,36;;;;12/03/2026;Enzo Santambrogio
c8142890;ASIGNADO A LÍNEA;M-00286;1.717;;;RECEPCIÓN;;5,87;;;;12/03/2026;Enzo Santambrogio
c8142891;ASIGNADO A LÍNEA;M-00287;1.718;;;RECEPCIÓN;;0,18;;;;12/03/2026;Enzo Santambrogio
c8142892;ASIGNADO A LÍNEA;M-00288;1.719;;;RECEPCIÓN;;0,5;;;;12/03/2026;Enzo Santambrogio
c8142893;ASIGNADO A LÍNEA;M-00289;1.720;;;RECEPCIÓN;;5,78;;;;12/03/2026;Enzo Santambrogio
c8142894;ASIGNADO A LÍNEA;M-00290;1.721;;;RECEPCIÓN;;0,33;;;;12/03/2026;Enzo Santambrogio
c8142895;ASIGNADO A LÍNEA;M-00291;1.722;;;RECEPCIÓN;;5,2;;;;12/03/2026;Enzo Santambrogio
c8142896;ASIGNADO A LÍNEA;M-00292;1.723;;;RECEPCIÓN;;0,37;;;;12/03/2026;Enzo Santambrogio
c8142897;ASIGNADO A LÍNEA;M-00293;1.724;;;RECEPCIÓN;;0,21;;;;12/03/2026;Enzo Santambrogio
c8142898;ASIGNADO A LÍNEA;M-00294;1.725;;;RECEPCIÓN;;0,09;;;;12/03/2026;Enzo Santambrogio
c8142899;ASIGNADO A LÍNEA;M-00295;1.726;;;RECEPCIÓN;;0,07;;;;12/03/2026;Enzo Santambrogio
c8142900;ASIGNADO A LÍNEA;M-00296;1.727;;;RECEPCIÓN;;0,09;;;;12/03/2026;Enzo Santambrogio
c8142901;ASIGNADO A LÍNEA;M-00297;1.728;;;RECEPCIÓN;;0,3;;;;12/03/2026;Enzo Santambrogio
c8142902;ASIGNADO A LÍNEA;M-00298;1.729;;;RECEPCIÓN;;4,53;;;;12/03/2026;Enzo Santambrogio
c8142903;ASIGNADO A LÍNEA;M-00299;1.730;;;RECEPCIÓN;;0,19;;;;12/03/2026;Enzo Santambrogio
c8142904;ASIGNADO A LÍNEA;M-00300;1.731;;;RECEPCIÓN;;0,15;;;;12/03/2026;Enzo Santambrogio
c8142905;ASIGNADO A LÍNEA;M-00301;1.732;;;RECEPCIÓN;;0,21;;;;12/03/2026;Enzo Santambrogio
c8142906;ASIGNADO A LÍNEA;M-00302;1.733;;;RECEPCIÓN;;0,23;;;;12/03/2026;Enzo Santambrogio
c8142907;ASIGNADO A LÍNEA;M-00303;1.734;;;RECEPCIÓN;;0,09;;;;12/03/2026;Enzo Santambrogio
c8142908;ASIGNADO A LÍNEA;M-00304;1.735;;;RECEPCIÓN;;2,89;;;;12/03/2026;Enzo Santambrogio
c8142909;ASIGNADO A LÍNEA;M-00305;1.736;;;RECEPCIÓN;;0,19;;;;12/03/2026;Enzo Santambrogio
c8142910;ASIGNADO A LÍNEA;M-00306;1.737;;;RECEPCIÓN;;0,47;;;;12/03/2026;Enzo Santambrogio
c8142911;ASIGNADO A LÍNEA;M-00307;1.738;;;RECEPCIÓN;;0,09;;;;12/03/2026;Enzo Santambrogio
c8142912;ASIGNADO A LÍNEA;M-00308;1.739;;;RECEPCIÓN;;0,18;;;;12/03/2026;Enzo Santambrogio
c8142913;ASIGNADO A LÍNEA;M-00309;1.740;;;RECEPCIÓN;;0,3;;;;12/03/2026;Enzo Santambrogio
c8142914;ASIGNADO A LÍNEA;M-00310;1.741;;;RECEPCIÓN;;1,85;;;;12/03/2026;Enzo Santambrogio
c8142915;ASIGNADO A LÍNEA;M-00311;1.742;;;RECEPCIÓN;;4,2;;;;12/03/2026;Enzo Santambrogio
c8142916;ASIGNADO A LÍNEA;M-00312;1.743;;;RECEPCIÓN;;0,07;;;;12/03/2026;Enzo Santambrogio
c8142917;ASIGNADO A LÍNEA;M-00313;1.744;;;RECEPCIÓN;;0,12;;;;12/03/2026;Enzo Santambrogio
c8142918;ASIGNADO A LÍNEA;M-00314;1.745;;;RECEPCIÓN;;0,07;;;;12/03/2026;Enzo Santambrogio
c8142919;ASIGNADO A LÍNEA;M-00315;1.746;;;RECEPCIÓN;;4,3;;;;12/03/2026;Enzo Santambrogio
c8142920;ASIGNADO A LÍNEA;M-00316;1.747;;;RECEPCIÓN;;1,35;;;;12/03/2026;Enzo Santambrogio
c8142921;ASIGNADO A LÍNEA;M-00317;1.748;;;RECEPCIÓN;;0,81;;;;12/03/2026;Enzo Santambrogio
c8142922;ASIGNADO A LÍNEA;M-00318;1.749;;;RECEPCIÓN;;0,37;;;;12/03/2026;Enzo Santambrogio
c8142923;ASIGNADO A LÍNEA;M-00319;1.750;;;RECEPCIÓN;;0,2;;;;12/03/2026;Enzo Santambrogio
c8142924;ASIGNADO A LÍNEA;M-00320;1.751;;;RECEPCIÓN;;0,09;;;;12/03/2026;Enzo Santambrogio
c8142925;ASIGNADO A LÍNEA;M-00321;1.752;;;RECEPCIÓN;;0,1;;;;12/03/2026;Enzo Santambrogio
c8142926;ASIGNADO A LÍNEA;M-00322;1.753;;;RECEPCIÓN;;0,14;;;;12/03/2026;Enzo Santambrogio
c8142927;ASIGNADO A LÍNEA;M-00323;1.754;;;RECEPCIÓN;;2;;;;12/03/2026;Enzo Santambrogio
c8142928;ASIGNADO A LÍNEA;M-00324;1.755;;;RECEPCIÓN;;0,4;;;;12/03/2026;Enzo Santambrogio
c8142929;ASIGNADO A LÍNEA;M-00325;1.756;;;RECEPCIÓN;;0,24;;;;12/03/2026;Enzo Santambrogio
c8142930;ASIGNADO A LÍNEA;M-00326;1.757;;;RECEPCIÓN;;0,07;;;;12/03/2026;Enzo Santambrogio
c8142931;ASIGNADO A LÍNEA;M-00327;1.758;;;RECEPCIÓN;;0,09;;;;12/03/2026;Enzo Santambrogio
c8142932;ASIGNADO A LÍNEA;M-00328;1.759;;;RECEPCIÓN;;0,47;;;;12/03/2026;Enzo Santambrogio
c8142933;ASIGNADO A LÍNEA;M-00329;1.760;;;RECEPCIÓN;;0,19;;;;12/03/2026;Enzo Santambrogio
c8142934;ASIGNADO A LÍNEA;M-00330;1.761;;;RECEPCIÓN;;2;;;;12/03/2026;Enzo Santambrogio
c8142935;ASIGNADO A LÍNEA;M-00331;1.762;;;RECEPCIÓN;;13,87;;;;12/03/2026;Enzo Santambrogio
c8142936;ASIGNADO A LÍNEA;M-00332;1.763;;;RECEPCIÓN;;0,47;;;;12/03/2026;Enzo Santambrogio
c8142937;ASIGNADO A LÍNEA;M-00333;1.764;;;RECEPCIÓN;;0,1;;;;12/03/2026;Enzo Santambrogio
c8142938;ASIGNADO A LÍNEA;M-00334;1.765;;;RECEPCIÓN;;0,5;;;;12/03/2026;Enzo Santambrogio
c8142939;ASIGNADO A LÍNEA;M-00335;1.766;;;RECEPCIÓN;;0,46;;;;12/03/2026;Enzo Santambrogio
c8142940;ASIGNADO A LÍNEA;M-00336;1.767;;;RECEPCIÓN;;0,11;;;;12/03/2026;Enzo Santambrogio
c8142941;ASIGNADO A LÍNEA;M-00337;1.768;;;RECEPCIÓN;;7,49;;;;12/03/2026;Enzo Santambrogio
c8142942;ASIGNADO A LÍNEA;M-00338;1.769;;;RECEPCIÓN;;0,76;;;;12/03/2026;Enzo Santambrogio
c8142943;ASIGNADO A LÍNEA;M-00339;1.770;;;RECEPCIÓN;;0,2;;;;12/03/2026;Enzo Santambrogio
c8142944;ASIGNADO A LÍNEA;M-00340;1.771;;;RECEPCIÓN;;0,15;;;;12/03/2026;Enzo Santambrogio
c8142945;ASIGNADO A LÍNEA;M-00341;1.772;;;RECEPCIÓN;;0,09;;;;12/03/2026;Enzo Santambrogio
c8142946;ASIGNADO A LÍNEA;M-00342;1.773;;;RECEPCIÓN;;8,54;;;;12/03/2026;Enzo Santambrogio
c8142947;ASIGNADO A LÍNEA;M-00343;1.774;;;RECEPCIÓN;;0,07;;;;12/03/2026;Enzo Santambrogio
c8142948;ASIGNADO A LÍNEA;M-00344;1.775;;;RECEPCIÓN;;0,86;;;;12/03/2026;Enzo Santambrogio
c8142949;ASIGNADO A LÍNEA;M-00345;1.776;;;RECEPCIÓN;;0,47;;;;12/03/2026;Enzo Santambrogio
c8142950;ASIGNADO A LÍNEA;M-00346;1.777;;;RECEPCIÓN;;3,12;;;;12/03/2026;Enzo Santambrogio
c8142951;ASIGNADO A LÍNEA;M-00347;1.778;;;RECEPCIÓN;;0,13;;;;12/03/2026;Enzo Santambrogio
c8142952;ASIGNADO A LÍNEA;M-00348;1.779;;;RECEPCIÓN;;0,09;;;;12/03/2026;Enzo Santambrogio
c8142953;ASIGNADO A LÍNEA;M-00349;1.780;;;RECEPCIÓN;;0,5;;;;12/03/2026;Enzo Santambrogio
c8142954;ASIGNADO A LÍNEA;M-00350;1.781;;;RECEPCIÓN;;8,44;;;;12/03/2026;Enzo Santambrogio
c8142955;ASIGNADO A LÍNEA;M-00351;1.782;;;RECEPCIÓN;;0,87;;;;12/03/2026;Enzo Santambrogio
c8142956;ASIGNADO A LÍNEA;M-00352;1.783;;;RECEPCIÓN;;0,07;;;;12/03/2026;Enzo Santambrogio
c8142957;ASIGNADO A LÍNEA;M-00353;1.784;;;RECEPCIÓN;;0,28;;;;12/03/2026;Enzo Santambrogio
c8142958;ASIGNADO A LÍNEA;M-00354;1.785;;;RECEPCIÓN;;0,13;;;;12/03/2026;Enzo Santambrogio
c8142959;ASIGNADO A LÍNEA;M-00355;1.786;;;RECEPCIÓN;;1,33;;;;12/03/2026;Enzo Santambrogio
c8142960;ASIGNADO A LÍNEA;M-00356;1.787;;;RECEPCIÓN;;0,15;;;;12/03/2026;Enzo Santambrogio
c8142961;ASIGNADO A LÍNEA;M-00357;1.788;;;RECEPCIÓN;;0,38;;;;12/03/2026;Enzo Santambrogio
c8142962;ASIGNADO A LÍNEA;M-00358;1.789;;;RECEPCIÓN;;0,89;;;;12/03/2026;Enzo Santambrogio
c8142963;ASIGNADO A LÍNEA;M-00359;1.790;;;RECEPCIÓN;;0,41;;;;12/03/2026;Enzo Santambrogio
c8142964;ASIGNADO A LÍNEA;M-00360;1.791;;;RECEPCIÓN;;0,96;;;;12/03/2026;Enzo Santambrogio
c8142965;ASIGNADO A LÍNEA;M-00361;1.792;;;RECEPCIÓN;;0,26;;;;12/03/2026;Enzo Santambrogio
c8142966;ASIGNADO A LÍNEA;M-00362;1.793;;;RECEPCIÓN;;0,12;;;;12/03/2026;Enzo Santambrogio
c8142967;ASIGNADO A LÍNEA;M-00363;1.794;;;RECEPCIÓN;;0,19;;;;12/03/2026;Enzo Santambrogio
c8142968;ASIGNADO A LÍNEA;M-00364;1.795;;;RECEPCIÓN;;1,33;;;;12/03/2026;Enzo Santambrogio
c8142969;ASIGNADO A LÍNEA;M-00365;1.796;;;RECEPCIÓN;;2,77;;;;12/03/2026;Enzo Santambrogio
c8142970;ASIGNADO A LÍNEA;M-00366;1.797;;;RECEPCIÓN;;0,09;;;;12/03/2026;Enzo Santambrogio
c8142971;ASIGNADO A LÍNEA;M-00367;1.798;;;RECEPCIÓN;;0,42;;;;12/03/2026;Enzo Santambrogio
c8142972;ASIGNADO A LÍNEA;M-00368;1.799;;;RECEPCIÓN;;3,43;;;;12/03/2026;Enzo Santambrogio
c8142973;ASIGNADO A LÍNEA;M-00369;1.800;;;RECEPCIÓN;;0,14;;;;12/03/2026;Enzo Santambrogio
c8142974;ASIGNADO A LÍNEA;M-00370;1.801;;;RECEPCIÓN;;0,09;;;;12/03/2026;Enzo Santambrogio
c8142975;ASIGNADO A LÍNEA;M-00371;1.802;;;RECEPCIÓN;;0,09;;;;12/03/2026;Enzo Santambrogio
c8142976;ASIGNADO A LÍNEA;M-00372;1.803;;;RECEPCIÓN;;0,8;;;;12/03/2026;Enzo Santambrogio
c8142977;ASIGNADO A LÍNEA;M-00373;1.804;;;RECEPCIÓN;;0,17;;;;12/03/2026;Enzo Santambrogio
c8142978;ASIGNADO A LÍNEA;M-00374;1.805;;;RECEPCIÓN;;3,58;;;;12/03/2026;Enzo Santambrogio
c8142979;ASIGNADO A LÍNEA;M-00375;1.806;;;RECEPCIÓN;;0,52;;;;12/03/2026;Enzo Santambrogio
c8142980;ASIGNADO A LÍNEA;M-00376;1.807;;;RECEPCIÓN;;1,6;;;;12/03/2026;Enzo Santambrogio
c8142981;ASIGNADO A LÍNEA;M-00377;1.808;;;RECEPCIÓN;;0,09;;;;12/03/2026;Enzo Santambrogio
c8142982;ASIGNADO A LÍNEA;M-00378;1.809;;;RECEPCIÓN;;0,41;;;;12/03/2026;Enzo Santambrogio
c8142983;ASIGNADO A LÍNEA;M-00379;1.810;;;RECEPCIÓN;;0,25;;;;12/03/2026;Enzo Santambrogio
c8142984;ASIGNADO A LÍNEA;M-00380;1.811;;;RECEPCIÓN;;0,21;;;;12/03/2026;Enzo Santambrogio
c8142985;ASIGNADO A LÍNEA;M-00381;1.812;;;RECEPCIÓN;;0,1;;;;12/03/2026;Enzo Santambrogio
c8142986;ASIGNADO A LÍNEA;M-00382;1.813;;;RECEPCIÓN;;0,61;;;;12/03/2026;Enzo Santambrogio
c8142987;ASIGNADO A LÍNEA;M-00383;1.814;;;RECEPCIÓN;;0,15;;;;12/03/2026;Enzo Santambrogio
c8142988;ASIGNADO A LÍNEA;M-00384;1.815;;;RECEPCIÓN;;0,14;;;;12/03/2026;Enzo Santambrogio
c8142989;ASIGNADO A LÍNEA;M-00385;1.816;;;RECEPCIÓN;;0,41;;;;12/03/2026;Enzo Santambrogio
c8142990;ASIGNADO A LÍNEA;M-00386;1.817;;;RECEPCIÓN;;0,18;;;;12/03/2026;Enzo Santambrogio
c8142991;ASIGNADO A LÍNEA;M-00387;1.818;;;RECEPCIÓN;;0,25;;;;12/03/2026;Enzo Santambrogio
c8142992;ASIGNADO A LÍNEA;M-00388;1.819;;;RECEPCIÓN;;1,4;;;;12/03/2026;Enzo Santambrogio
c8142993;ASIGNADO A LÍNEA;M-00389;1.820;;;RECEPCIÓN;;2,06;;;;12/03/2026;Enzo Santambrogio
c8142994;ASIGNADO A LÍNEA;M-00390;1.821;;;RECEPCIÓN;;0,55;;;;12/03/2026;Enzo Santambrogio
c8142995;ASIGNADO A LÍNEA;M-00391;1.822;;;RECEPCIÓN;;0,41;;;;12/03/2026;Enzo Santambrogio
c8142996;ASIGNADO A LÍNEA;M-00392;1.823;;;RECEPCIÓN;;0,15;;;;12/03/2026;Enzo Santambrogio
c8142997;ASIGNADO A LÍNEA;M-00393;1.824;;;RECEPCIÓN;;0,15;;;;12/03/2026;Enzo Santambrogio
c8142998;ASIGNADO A LÍNEA;M-00394;1.825;;;RECEPCIÓN;;0,18;;;;12/03/2026;Enzo Santambrogio
c8142999;ASIGNADO A LÍNEA;M-00395;1.826;;;RECEPCIÓN;;0,1;;;;12/03/2026;Enzo Santambrogio
c8143000;ASIGNADO A LÍNEA;M-00396;1.827;;;RECEPCIÓN;;1,55;;;;12/03/2026;Enzo Santambrogio
c8143001;ASIGNADO A LÍNEA;M-00397;1.828;;;RECEPCIÓN;;0,65;;;;12/03/2026;Enzo Santambrogio
c8143002;ASIGNADO A LÍNEA;M-00398;1.829;;;RECEPCIÓN;;0,11;;;;12/03/2026;Enzo Santambrogio
c8143003;ASIGNADO A LÍNEA;M-00399;1.830;;;RECEPCIÓN;;0,12;;;;12/03/2026;Enzo Santambrogio
c8143004;ASIGNADO A LÍNEA;M-00400;1.831;;;RECEPCIÓN;;0,45;;;;12/03/2026;Enzo Santambrogio
c8143005;ASIGNADO A LÍNEA;M-00401;1.832;;;RECEPCIÓN;;0,18;;;;12/03/2026;Enzo Santambrogio
c8143006;ASIGNADO A LÍNEA;M-00402;1.833;;;RECEPCIÓN;;0,33;;;;12/03/2026;Enzo Santambrogio
c8143007;ASIGNADO A LÍNEA;M-00403;1.834;;;RECEPCIÓN;;2,01;;;;12/03/2026;Enzo Santambrogio
c8143008;ASIGNADO A LÍNEA;M-00404;1.835;;;RECEPCIÓN;;0,1;;;;12/03/2026;Enzo Santambrogio
c8143009;ASIGNADO A LÍNEA;M-00405;1.836;;;RECEPCIÓN;;0,41;;;;12/03/2026;Enzo Santambrogio
c8143010;ASIGNADO A LÍNEA;M-00406;1.837;;;RECEPCIÓN;;0,65;;;;12/03/2026;Enzo Santambrogio
c8143011;ASIGNADO A LÍNEA;M-00407;1.838;;;RECEPCIÓN;;0,11;;;;12/03/2026;Enzo Santambrogio
c8143012;ASIGNADO A LÍNEA;M-00408;1.839;;;RECEPCIÓN;;0,11;;;;12/03/2026;Enzo Santambrogio
c8143013;ASIGNADO A LÍNEA;M-00409;1.840;;;RECEPCIÓN;;0,18;;;;12/03/2026;Enzo Santambrogio
c8143014;ASIGNADO A LÍNEA;M-00410;1.841;;;RECEPCIÓN;;0,11;;;;12/03/2026;Enzo Santambrogio
c8143015;ASIGNADO A LÍNEA;M-00411;1.842;;;RECEPCIÓN;;0,14;;;;12/03/2026;Enzo Santambrogio
c8143016;ASIGNADO A LÍNEA;M-00412;1.843;;;RECEPCIÓN;;0,1;;;;12/03/2026;Enzo Santambrogio
c8143017;ASIGNADO A LÍNEA;M-00413;1.844;;;RECEPCIÓN;;0,11;;;;12/03/2026;Enzo Santambrogio
c8143018;ASIGNADO A LÍNEA;M-00414;1.845;;;RECEPCIÓN;;0,11;;;;12/03/2026;Enzo Santambrogio
c8143019;ASIGNADO A LÍNEA;M-00415;1.846;;;RECEPCIÓN;;0,1;;;;12/03/2026;Enzo Santambrogio
c8143020;ASIGNADO A LÍNEA;M-00416;1.847;;;RECEPCIÓN;;0,11;;;;12/03/2026;Enzo Santambrogio
c8143021;ASIGNADO A LÍNEA;M-00417;1.848;;;RECEPCIÓN;;0,1;;;;12/03/2026;Enzo Santambrogio
c8143022;ASIGNADO A LÍNEA;M-00418;1.849;;;RECEPCIÓN;;0,1;;;;12/03/2026;Enzo Santambrogio
c8143023;ASIGNADO A LÍNEA;M-00419;1.850;;;RECEPCIÓN;;0,1;;;;12/03/2026;Enzo Santambrogio
c8143024;ASIGNADO A LÍNEA;M-00420;1.851;;;RECEPCIÓN;;0,1;;;;12/03/2026;Enzo Santambrogio
c8143025;ASIGNADO A LÍNEA;M-00421;1.852;;;RECEPCIÓN;;0,1;;;;12/03/2026;Enzo Santambrogio
c8143026;ASIGNADO A LÍNEA;M-00422;1.853;;;RECEPCIÓN;;0,1;;;;12/03/2026;Enzo Santambrogio
c8143027;ASIGNADO A LÍNEA;M-00423;1.854;;;RECEPCIÓN;;0,1;;;;12/03/2026;Enzo Santambrogio
c8143028;ASIGNADO A LÍNEA;M-00424;1.855;;;RECEPCIÓN;;0,17;;;;12/03/2026;Enzo Santambrogio
c8143029;ASIGNADO A LÍNEA;M-00425;1.856;;;RECEPCIÓN;;0,11;;;;12/03/2026;Enzo Santambrogio
c8143030;ASIGNADO A LÍNEA;M-00426;1.857;;;RECEPCIÓN;;0,09;;;;12/03/2026;Enzo Santambrogio
c8143031;ASIGNADO A LÍNEA;M-00427;1.858;;;RECEPCIÓN;;0,21;;;;12/03/2026;Enzo Santambrogio
c8143032;ASIGNADO A LÍNEA;M-00428;1.859;;;RECEPCIÓN;;0,8;;;;12/03/2026;Enzo Santambrogio
c8143033;ASIGNADO A LÍNEA;M-00429;1.860;;;RECEPCIÓN;;0,44;;;;12/03/2026;Enzo Santambrogio
c8143034;ASIGNADO A LÍNEA;M-00430;1.861;;;RECEPCIÓN;;0,41;;;;12/03/2026;Enzo Santambrogio
c8143035;ASIGNADO A LÍNEA;M-00431;1.862;;;RECEPCIÓN;;0,09;;;;12/03/2026;Enzo Santambrogio
c8143036;ASIGNADO A LÍNEA;M-00432;1.863;;;RECEPCIÓN;;0,41;;;;12/03/2026;Enzo Santambrogio
c8143037;ASIGNADO A LÍNEA;M-00433;1.864;;;RECEPCIÓN;;0,19;;;;12/03/2026;Enzo Santambrogio
c8143038;ASIGNADO A LÍNEA;M-00434;1.865;;;RECEPCIÓN;;0,1;;;;12/03/2026;Enzo Santambrogio
c8143039;ASIGNADO A LÍNEA;M-00435;1.866;;;RECEPCIÓN;;0,37;;;;12/03/2026;Enzo Santambrogio
c8143040;ASIGNADO A LÍNEA;M-00436;1.867;;;RECEPCIÓN;;0,14;;;;12/03/2026;Enzo Santambrogio
c8143041;ASIGNADO A LÍNEA;M-00437;1.868;;;RECEPCIÓN;;0,14;;;;12/03/2026;Enzo Santambrogio
c8143042;ASIGNADO A LÍNEA;M-00438;1.869;;;RECEPCIÓN;;0,2;;;;12/03/2026;Enzo Santambrogio
c8143043;ASIGNADO A LÍNEA;M-00439;1.870;;;RECEPCIÓN;;0,2;;;;12/03/2026;Enzo Santambrogio
c8143044;ASIGNADO A LÍNEA;M-00440;1.871;;;RECEPCIÓN;;2,04;;;;12/03/2026;Enzo Santambrogio
c8143045;ASIGNADO A LÍNEA;M-00441;1.872;;;RECEPCIÓN;;0,09;;;;12/03/2026;Enzo Santambrogio
c8143046;ASIGNADO A LÍNEA;M-00442;1.873;;;RECEPCIÓN;;0,17;;;;12/03/2026;Enzo Santambrogio
c8143047;ASIGNADO A LÍNEA;M-00443;1.874;;;RECEPCIÓN;;3,51;;;;12/03/2026;Enzo Santambrogio
c8143048;ASIGNADO A LÍNEA;M-00444;1.875;;;RECEPCIÓN;;0,81;;;;12/03/2026;Enzo Santambrogio
c8143049;ASIGNADO A LÍNEA;M-00445;1.876;;;RECEPCIÓN;;0,3;;;;12/03/2026;Enzo Santambrogio
c8143050;ASIGNADO A LÍNEA;M-00446;1.877;;;RECEPCIÓN;;2,04;;;;12/03/2026;Enzo Santambrogio
c8143051;ASIGNADO A LÍNEA;M-00447;1.878;;;RECEPCIÓN;;0,09;;;;12/03/2026;Enzo Santambrogio
c8143052;ASIGNADO A LÍNEA;M-00448;1.879;;;RECEPCIÓN;;0,2;;;;12/03/2026;Enzo Santambrogio
c8143053;ASIGNADO A LÍNEA;M-00449;1.880;;;RECEPCIÓN;;0,2;;;;12/03/2026;Enzo Santambrogio
c8143054;ASIGNADO A LÍNEA;M-00450;1.881;;;RECEPCIÓN;;2;;;;12/03/2026;Enzo Santambrogio
c8143055;ASIGNADO A LÍNEA;M-00451;1.882;;;RECEPCIÓN;;0,21;;;;12/03/2026;Enzo Santambrogio
c8143056;ASIGNADO A LÍNEA;M-00452;1.883;;;RECEPCIÓN;;0,54;;;;12/03/2026;Enzo Santambrogio
c8143057;ASIGNADO A LÍNEA;M-00453;1.884;;;RECEPCIÓN;;1,07;;;;12/03/2026;Enzo Santambrogio
c8143058;ASIGNADO A LÍNEA;M-00454;1.885;;;RECEPCIÓN;;5,42;;;;12/03/2026;Enzo Santambrogio
c8143059;ASIGNADO A LÍNEA;M-00455;1.886;;;RECEPCIÓN;;0,2;;;;12/03/2026;Enzo Santambrogio
c8143060;ASIGNADO A LÍNEA;M-00456;1.887;;;RECEPCIÓN;;2,36;;;;12/03/2026;Enzo Santambrogio
c8143061;ASIGNADO A LÍNEA;M-00457;1.888;;;RECEPCIÓN;;0,54;;;;12/03/2026;Enzo Santambrogio
c8143062;ASIGNADO A LÍNEA;M-00458;1.889;;;RECEPCIÓN;;0,2;;;;12/03/2026;Enzo Santambrogio
c8143063;ASIGNADO A LÍNEA;M-00459;1.890;;;RECEPCIÓN;;1,53;;;;12/03/2026;Enzo Santambrogio
c8143064;ASIGNADO A LÍNEA;M-00460;1.891;;;RECEPCIÓN;;0,19;;;;12/03/2026;Enzo Santambrogio
c8143065;ASIGNADO A LÍNEA;M-00461;1.892;;;RECEPCIÓN;;0,1;;;;12/03/2026;Enzo Santambrogio
c8143066;ASIGNADO A LÍNEA;M-00462;1.893;;;RECEPCIÓN;;0,21;;;;12/03/2026;Enzo Santambrogio
c8143067;ASIGNADO A LÍNEA;M-00463;1.894;;;RECEPCIÓN;;0,25;;;;12/03/2026;Enzo Santambrogio
c8143068;ASIGNADO A LÍNEA;M-00464;1.895;;;RECEPCIÓN;;0,15;;;;12/03/2026;Enzo Santambrogio
c8143069;ASIGNADO A LÍNEA;M-00465;1.896;;;RECEPCIÓN;;0,61;;;;12/03/2026;Enzo Santambrogio
c8143070;ASIGNADO A LÍNEA;M-00466;1.897;;;RECEPCIÓN;;1,34;;;;12/03/2026;Enzo Santambrogio
c8143071;ASIGNADO A LÍNEA;M-00467;1.898;;;RECEPCIÓN;;0,09;;;;12/03/2026;Enzo Santambrogio
c8143072;ASIGNADO A LÍNEA;M-00468;1.899;;;RECEPCIÓN;;0,35;;;;12/03/2026;Enzo Santambrogio
c8143073;ASIGNADO A LÍNEA;M-00469;1.900;;;RECEPCIÓN;;0,21;;;;12/03/2026;Enzo Santambrogio
c8143074;ASIGNADO A LÍNEA;M-00470;1.901;;;RECEPCIÓN;;0,63;;;;12/03/2026;Enzo Santambrogio
c8143075;ASIGNADO A LÍNEA;M-00471;1.902;;;RECEPCIÓN;;0,36;;;;12/03/2026;Enzo Santambrogio
c8143076;ASIGNADO A LÍNEA;M-00472;1.903;;;RECEPCIÓN;;0,12;;;;12/03/2026;Enzo Santambrogio
c8143077;ASIGNADO A LÍNEA;M-00473;1.904;;;RECEPCIÓN;;0,17;;;;12/03/2026;Enzo Santambrogio
c8143078;ASIGNADO A LÍNEA;M-00474;1.905;;;RECEPCIÓN;;1,9;;;;12/03/2026;Enzo Santambrogio
c8143079;ASIGNADO A LÍNEA;M-00475;1.906;;;RECEPCIÓN;;0,09;;;;12/03/2026;Enzo Santambrogio
c8143080;ASIGNADO A LÍNEA;M-00476;1.907;;;RECEPCIÓN;;2,81;;;;12/03/2026;Enzo Santambrogio
c8143081;ASIGNADO A LÍNEA;M-00477;1.908;;;RECEPCIÓN;;0,15;;;;12/03/2026;Enzo Santambrogio
c8143082;ASIGNADO A LÍNEA;M-00478;1.909;;;RECEPCIÓN;;0,3;;;;12/03/2026;Enzo Santambrogio
c8143083;ASIGNADO A LÍNEA;M-00479;1.910;;;RECEPCIÓN;;6,32;;;;12/03/2026;Enzo Santambrogio
c8143084;ASIGNADO A LÍNEA;M-00480;1.911;;;RECEPCIÓN;;8,93;;;;12/03/2026;Enzo Santambrogio
c8143085;ASIGNADO A LÍNEA;M-00481;1.912;;;RECEPCIÓN;;0,15;;;;12/03/2026;Enzo Santambrogio
c8143086;ASIGNADO A LÍNEA;M-00482;1.913;;;RECEPCIÓN;;1,45;;;;12/03/2026;Enzo Santambrogio
c8143087;ASIGNADO A LÍNEA;M-00483;1.914;;;RECEPCIÓN;;0,62;;;;12/03/2026;Enzo Santambrogio
c8143088;ASIGNADO A LÍNEA;M-00484;1.915;;;RECEPCIÓN;;0,65;;;;12/03/2026;Enzo Santambrogio
c8143089;ASIGNADO A LÍNEA;M-00485;1.916;;;RECEPCIÓN;;0,23;;;;12/03/2026;Enzo Santambrogio
c8143090;ASIGNADO A LÍNEA;M-00486;1.917;;;RECEPCIÓN;;4,18;;;;12/03/2026;Enzo Santambrogio
c8143091;ASIGNADO A LÍNEA;M-00487;1.918;;;RECEPCIÓN;;1,41;;;;12/03/2026;Enzo Santambrogio
c8143092;ASIGNADO A LÍNEA;M-00488;1.919;;;RECEPCIÓN;;2,21;;;;12/03/2026;Enzo Santambrogio
c8143093;ASIGNADO A LÍNEA;M-00489;1.920;;;RECEPCIÓN;;2,34;;;;12/03/2026;Enzo Santambrogio
c8143094;ASIGNADO A LÍNEA;M-00490;1.921;;;RECEPCIÓN;;0,45;;;;12/03/2026;Enzo Santambrogio
c8143095;ASIGNADO A LÍNEA;M-00491;1.922;;;RECEPCIÓN;;0,45;;;;12/03/2026;Enzo Santambrogio
c8143096;ASIGNADO A LÍNEA;M-00492;1.923;;;RECEPCIÓN;;0,42;;;;12/03/2026;Enzo Santambrogio
c8143097;ASIGNADO A LÍNEA;M-00493;1.924;;;RECEPCIÓN;;0,55;;;;12/03/2026;Enzo Santambrogio
c8143098;ASIGNADO A LÍNEA;M-00494;1.925;;;RECEPCIÓN;;0,98;;;;12/03/2026;Enzo Santambrogio
c8143099;ASIGNADO A LÍNEA;M-00495;1.926;;;RECEPCIÓN;;0,53;;;;12/03/2026;Enzo Santambrogio
c8143100;ASIGNADO A LÍNEA;M-00496;1.927;;;RECEPCIÓN;;0,17;;;;12/03/2026;Enzo Santambrogio
c8143101;ASIGNADO A LÍNEA;M-00497;1.928;;;RECEPCIÓN;;0,94;;;;12/03/2026;Enzo Santambrogio
c8143102;ASIGNADO A LÍNEA;M-00498;1.929;;;RECEPCIÓN;;0,11;;;;12/03/2026;Enzo Santambrogio
c8143103;ASIGNADO A LÍNEA;M-00499;1.930;;;RECEPCIÓN;;0,44;;;;12/03/2026;Enzo Santambrogio
c8143104;ASIGNADO A LÍNEA;M-00500;1.931;;;RECEPCIÓN;;0,63;;;;12/03/2026;Enzo Santambrogio
c8143105;ASIGNADO A LÍNEA;M-00501;1.932;;;RECEPCIÓN;;2,36;;;;12/03/2026;Enzo Santambrogio
c8143106;ASIGNADO A LÍNEA;M-00502;1.933;;;RECEPCIÓN;;0,15;;;;12/03/2026;Enzo Santambrogio
c8143107;ASIGNADO A LÍNEA;M-00503;1.934;;;RECEPCIÓN;;0,07;;;;12/03/2026;Enzo Santambrogio
c8143108;ASIGNADO A LÍNEA;M-00504;1.935;;;RECEPCIÓN;;0,11;;;;12/03/2026;Enzo Santambrogio
c8143109;ASIGNADO A LÍNEA;M-00505;1.936;;;RECEPCIÓN;;2,2;;;;12/03/2026;Enzo Santambrogio
c8143110;ASIGNADO A LÍNEA;M-00506;1.937;;;RECEPCIÓN;;1,85;;;;12/03/2026;Enzo Santambrogio
c8143111;ASIGNADO A LÍNEA;M-00507;1.938;;;RECEPCIÓN;;0,63;;;;12/03/2026;Enzo Santambrogio
c8143112;ASIGNADO A LÍNEA;M-00508;1.939;;;RECEPCIÓN;;0,12;;;;12/03/2026;Enzo Santambrogio
c8143113;ASIGNADO A LÍNEA;M-00509;1.940;;;RECEPCIÓN;;2,51;;;;12/03/2026;Enzo Santambrogio
c8143114;ASIGNADO A LÍNEA;M-00510;1.941;;;RECEPCIÓN;;0,67;;;;12/03/2026;Enzo Santambrogio
c8143115;ASIGNADO A LÍNEA;M-00511;1.942;;;RECEPCIÓN;;0,46;;;;12/03/2026;Enzo Santambrogio
c8143116;ASIGNADO A LÍNEA;M-00512;1.943;;;RECEPCIÓN;;0,59;;;;12/03/2026;Enzo Santambrogio
c8143117;ASIGNADO A LÍNEA;M-00513;1.944;;;RECEPCIÓN;;0,59;;;;12/03/2026;Enzo Santambrogio
c8143118;ASIGNADO A LÍNEA;M-00514;1.945;;;RECEPCIÓN;;0,25;;;;12/03/2026;Enzo Santambrogio
c8143119;ASIGNADO A LÍNEA;M-00515;1.946;;;RECEPCIÓN;;0,2;;;;12/03/2026;Enzo Santambrogio
c8143120;ASIGNADO A LÍNEA;M-00516;1.947;;;RECEPCIÓN;;0,11;;;;12/03/2026;Enzo Santambrogio
c8143121;ASIGNADO A LÍNEA;M-00517;1.948;;;RECEPCIÓN;;0,16;;;;12/03/2026;Enzo Santambrogio
c8143122;ASIGNADO A LÍNEA;M-00518;1.949;;;RECEPCIÓN;;2,11;;;;12/03/2026;Enzo Santambrogio
c8143123;ASIGNADO A LÍNEA;M-00519;1.950;;;RECEPCIÓN;;0,23;;;;12/03/2026;Enzo Santambrogio
c8143124;ASIGNADO A LÍNEA;M-00520;1.951;;;RECEPCIÓN;;0,62;;;;12/03/2026;Enzo Santambrogio
c8143125;ASIGNADO A LÍNEA;M-00521;1.952;;;RECEPCIÓN;;0,58;;;;12/03/2026;Enzo Santambrogio
c8143126;ASIGNADO A LÍNEA;M-00522;1.953;;;RECEPCIÓN;;0,94;;;;12/03/2026;Enzo Santambrogio
c8143127;ASIGNADO A LÍNEA;M-00523;1.954;;;RECEPCIÓN;;0,2;;;;12/03/2026;Enzo Santambrogio
c8143128;ASIGNADO A LÍNEA;M-00524;1.955;;;RECEPCIÓN;;1,61;;;;12/03/2026;Enzo Santambrogio
c8143129;ASIGNADO A LÍNEA;M-00525;1.956;;;RECEPCIÓN;;0,86;;;;12/03/2026;Enzo Santambrogio
c8143130;ASIGNADO A LÍNEA;M-00526;1.957;;;RECEPCIÓN;;0,8;;;;12/03/2026;Enzo Santambrogio
c8143131;ASIGNADO A LÍNEA;M-00527;1.958;;;RECEPCIÓN;;0,36;;;;12/03/2026;Enzo Santambrogio
c8143132;ASIGNADO A LÍNEA;M-00528;1.959;;;RECEPCIÓN;;0,1;;;;12/03/2026;Enzo Santambrogio
c8143133;ASIGNADO A LÍNEA;M-00529;1.960;;;RECEPCIÓN;;0,36;;;;12/03/2026;Enzo Santambrogio
c8143134;ASIGNADO A LÍNEA;M-00530;1.961;;;RECEPCIÓN;;0,8;;;;12/03/2026;Enzo Santambrogio
c8143135;ASIGNADO A LÍNEA;M-00531;1.962;;;RECEPCIÓN;;0,05;;;;12/03/2026;Enzo Santambrogio
c8143136;ASIGNADO A LÍNEA;M-00532;1.969;;;RECEPCIÓN;;1;;;;12/03/2026;Enzo Santambrogio
c8143137;ASIGNADO A LÍNEA;M-00533;1.970;;;RECEPCIÓN;;1;;;;12/03/2026;Enzo Santambrogio
c8143138;ASIGNADO A LÍNEA;M-00534;1.971;;;RECEPCIÓN;;1;;;;12/03/2026;Enzo Santambrogio
c8143139;ASIGNADO A LÍNEA;M-00535;1.972;;;RECEPCIÓN;;1;;;;12/03/2026;Enzo Santambrogio
c8143140;ASIGNADO A LÍNEA;M-00536;1.973;;;RECEPCIÓN;;1;;;;12/03/2026;Enzo Santambrogio
c8143141;ASIGNADO A LÍNEA;M-00537;1.974;;;RECEPCIÓN;;1;;;;12/03/2026;Enzo Santambrogio
c8143142;ASIGNADO A LÍNEA;M-00538;1.975;;;RECEPCIÓN;;1;;;;12/03/2026;Enzo Santambrogio
c8143143;ASIGNADO A LÍNEA;M-00539;1.976;;;RECEPCIÓN;;1;;;;12/03/2026;Enzo Santambrogio
c8143144;ASIGNADO A LÍNEA;M-00540;1.977;;;RECEPCIÓN;;1;;;;12/03/2026;Enzo Santambrogio
c8143145;ASIGNADO A LÍNEA;M-00541;1.978;;;RECEPCIÓN;;1;;;;12/03/2026;Enzo Santambrogio
c8143146;ASIGNADO A LÍNEA;M-00542;1.979;;;RECEPCIÓN;;1;;;;12/03/2026;Enzo Santambrogio
c8143147;ASIGNADO A LÍNEA;M-00543;1.980;;;RECEPCIÓN;;1;;;;12/03/2026;Enzo Santambrogio
c8143148;ASIGNADO A LÍNEA;M-00544;1.981;;;RECEPCIÓN;;1;;;;12/03/2026;Enzo Santambrogio
c8143149;ASIGNADO A LÍNEA;M-00545;1.982;;;RECEPCIÓN;;1;;;;12/03/2026;Enzo Santambrogio
c8143150;ASIGNADO A LÍNEA;M-00546;1.983;;;RECEPCIÓN;;1;;;;12/03/2026;Enzo Santambrogio
c8143151;ASIGNADO A LÍNEA;M-00547;1.984;;;RECEPCIÓN;;1;;;;12/03/2026;Enzo Santambrogio
c8143152;ASIGNADO A LÍNEA;M-00548;1.985;;;RECEPCIÓN;;1;;;;12/03/2026;Enzo Santambrogio
c8143153;ASIGNADO A LÍNEA;M-00549;1.986;;;RECEPCIÓN;;1;;;;12/03/2026;Enzo Santambrogio
c8143154;ASIGNADO A LÍNEA;M-00550;1.987;;;RECEPCIÓN;;1;;;;12/03/2026;Enzo Santambrogio
c8143155;ASIGNADO A LÍNEA;M-00551;1.988;;;RECEPCIÓN;;1;;;;12/03/2026;Enzo Santambrogio
c8143156;ASIGNADO A LÍNEA;M-00552;1.989;;;RECEPCIÓN;;1;;;;12/03/2026;Enzo Santambrogio
c8143157;ASIGNADO A LÍNEA;M-00553;1.990;;;RECEPCIÓN;;1;;;;12/03/2026;Enzo Santambrogio
c8143158;ASIGNADO A LÍNEA;M-00554;1.991;;;RECEPCIÓN;;1;;;;12/03/2026;Enzo Santambrogio
c8143159;ASIGNADO A LÍNEA;M-00555;1.992;;;RECEPCIÓN;;1;;;;12/03/2026;Enzo Santambrogio
c8143160;ASIGNADO A LÍNEA;M-00556;1.993;;;RECEPCIÓN;;1;;;;12/03/2026;Enzo Santambrogio
c8143161;ASIGNADO A LÍNEA;M-00557;1.994;;;RECEPCIÓN;;1;;;;12/03/2026;Enzo Santambrogio
c8143162;ASIGNADO A LÍNEA;M-00558;1.995;;;RECEPCIÓN;;1;;;;12/03/2026;Enzo Santambrogio
c8143163;ASIGNADO A LÍNEA;M-00559;1.996;;;RECEPCIÓN;;1;;;;12/03/2026;Enzo Santambrogio
c8143164;ASIGNADO A LÍNEA;M-00560;1.1858;;;RECEPCIÓN;;1;;;;12/03/2026;Enzo Santambrogio
c8143165;ASIGNADO A LÍNEA;M-00561;1.1859;;;RECEPCIÓN;;1;;;;12/03/2026;Enzo Santambrogio
c8143166;ASIGNADO A LÍNEA;M-00562;1.1860;;;RECEPCIÓN;;1;;;;12/03/2026;Enzo Santambrogio
c8143167;ASIGNADO A LÍNEA;M-00563;1.1861;;;RECEPCIÓN;;1;;;;12/03/2026;Enzo Santambrogio
c8143168;ASIGNADO A LÍNEA;M-00564;1.1862;;;RECEPCIÓN;;1;;;;12/03/2026;Enzo Santambrogio
c8143169;ASIGNADO A LÍNEA;M-00565;1.1863;;;RECEPCIÓN;;1;;;;12/03/2026;Enzo Santambrogio
c8143170;ASIGNADO A LÍNEA;M-00566;1.1864;;;RECEPCIÓN;;1;;;;12/03/2026;Enzo Santambrogio
c8143171;ASIGNADO A LÍNEA;M-00567;1.1865;;;RECEPCIÓN;;1;;;;12/03/2026;Enzo Santambrogio
c8143172;ASIGNADO A LÍNEA;M-00568;1.1866;;;RECEPCIÓN;;1;;;;12/03/2026;Enzo Santambrogio
c8143173;ASIGNADO A LÍNEA;M-00569;1.1867;;;RECEPCIÓN;;1;;;;12/03/2026;Enzo Santambrogio
c8143174;ASIGNADO A LÍNEA;M-00570;1.1868;;;RECEPCIÓN;;1;;;;12/03/2026;Enzo Santambrogio
c8143175;ASIGNADO A LÍNEA;M-00571;1.1869;;;RECEPCIÓN;;1;;;;12/03/2026;Enzo Santambrogio
c8143176;ASIGNADO A LÍNEA;M-00572;1.1870;;;RECEPCIÓN;;1;;;;12/03/2026;Enzo Santambrogio
c8143177;ASIGNADO A LÍNEA;M-00573;1.1871;;;RECEPCIÓN;;1;;;;12/03/2026;Enzo Santambrogio
c8143178;ASIGNADO A LÍNEA;M-00574;1.1872;;;RECEPCIÓN;;1;;;;12/03/2026;Enzo Santambrogio
c8143179;ASIGNADO A LÍNEA;M-00575;1.1873;;;RECEPCIÓN;;1;;;;12/03/2026;Enzo Santambrogio
c8143180;ASIGNADO A LÍNEA;M-00576;1.1874;;;RECEPCIÓN;;1;;;;12/03/2026;Enzo Santambrogio
c8143181;ASIGNADO A LÍNEA;M-00577;1.1875;;;RECEPCIÓN;;1;;;;12/03/2026;Enzo Santambrogio
c8143182;ASIGNADO A LÍNEA;M-00578;1.1876;;;RECEPCIÓN;;1;;;;12/03/2026;Enzo Santambrogio
c8143183;ASIGNADO A LÍNEA;M-00579;1.1877;;;RECEPCIÓN;;1;;;;12/03/2026;Enzo Santambrogio
c8143184;ASIGNADO A LÍNEA;M-00580;1.1878;;;RECEPCIÓN;;1;;;;12/03/2026;Enzo Santambrogio
c8143185;ASIGNADO A LÍNEA;M-00581;1.1879;;;RECEPCIÓN;;1;;;;12/03/2026;Enzo Santambrogio
c8143186;ASIGNADO A LÍNEA;M-00582;1.1880;;;RECEPCIÓN;;1;;;;12/03/2026;Enzo Santambrogio
c8143187;ASIGNADO A LÍNEA;M-00583;1.1881;;;RECEPCIÓN;;1;;;;12/03/2026;Enzo Santambrogio
c8143188;ASIGNADO A LÍNEA;M-00584;1.1882;;;RECEPCIÓN;;1;;;;12/03/2026;Enzo Santambrogio
c8143189;ASIGNADO A LÍNEA;M-00585;1.1883;;;RECEPCIÓN;;1;;;;12/03/2026;Enzo Santambrogio
c8143190;ASIGNADO A LÍNEA;M-00586;1.1884;;;RECEPCIÓN;;1;;;;12/03/2026;Enzo Santambrogio
c8143191;ASIGNADO A LÍNEA;M-00587;1.1885;;;RECEPCIÓN;;1;;;;12/03/2026;Enzo Santambrogio
c8143192;ASIGNADO A LÍNEA;M-00588;1.1886;;;RECEPCIÓN;;1;;;;12/03/2026;Enzo Santambrogio
c8143193;ASIGNADO A LÍNEA;M-00589;1.1887;;;RECEPCIÓN;;1;;;;12/03/2026;Enzo Santambrogio
c8143194;ASIGNADO A LÍNEA;M-00590;1.1888;;;RECEPCIÓN;;1;;;;12/03/2026;Enzo Santambrogio
c8143195;ASIGNADO A LÍNEA;M-00591;1.1889;;;RECEPCIÓN;;1;;;;12/03/2026;Enzo Santambrogio
c8143196;ASIGNADO A LÍNEA;M-00592;2.15;;;RECEPCIÓN;;4,78;;;;12/03/2026;Enzo Santambrogio
c8143197;ASIGNADO A LÍNEA;M-00593;2.16;;;RECEPCIÓN;;0,17;;;;12/03/2026;Enzo Santambrogio
c8143198;ASIGNADO A LÍNEA;M-00594;2.17;;;RECEPCIÓN;;0,07;;;;12/03/2026;Enzo Santambrogio
c8143199;ASIGNADO A LÍNEA;M-00595;2.18;;;RECEPCIÓN;;5,45;;;;12/03/2026;Enzo Santambrogio
c8143200;ASIGNADO A LÍNEA;M-00596;2.19;;;RECEPCIÓN;;0,93;;;;12/03/2026;Enzo Santambrogio
c8143201;ASIGNADO A LÍNEA;M-00597;2.20;;;RECEPCIÓN;;1,96;;;;12/03/2026;Enzo Santambrogio
c8143202;ASIGNADO A LÍNEA;M-00598;2.21;;;RECEPCIÓN;;3,7;;;;12/03/2026;Enzo Santambrogio
c8143203;ASIGNADO A LÍNEA;M-00599;2.22;;;RECEPCIÓN;;0,23;;;;12/03/2026;Enzo Santambrogio
c8143204;ASIGNADO A LÍNEA;M-00600;2.23;;;RECEPCIÓN;;0,83;;;;12/03/2026;Enzo Santambrogio
c8143205;ASIGNADO A LÍNEA;M-00601;2.24;;;RECEPCIÓN;;0,64;;;;12/03/2026;Enzo Santambrogio
c8143206;ASIGNADO A LÍNEA;M-00602;2.25;;;RECEPCIÓN;;2,24;;;;12/03/2026;Enzo Santambrogio
c8143207;ASIGNADO A LÍNEA;M-00603;2.26;;;RECEPCIÓN;;7,79;;;;12/03/2026;Enzo Santambrogio
c8143208;ASIGNADO A LÍNEA;M-00604;2.27;;;RECEPCIÓN;;0,36;;;;12/03/2026;Enzo Santambrogio
c8143209;ASIGNADO A LÍNEA;M-00605;2.28;;;RECEPCIÓN;;0,93;;;;12/03/2026;Enzo Santambrogio
c8143210;ASIGNADO A LÍNEA;M-00606;2.29;;;RECEPCIÓN;;2,4;;;;12/03/2026;Enzo Santambrogio
c8143211;ASIGNADO A LÍNEA;M-00607;2.30;;;RECEPCIÓN;;0,25;;;;12/03/2026;Enzo Santambrogio
c8143212;ASIGNADO A LÍNEA;M-00608;2.31;;;RECEPCIÓN;;0,1;;;;12/03/2026;Enzo Santambrogio
c8143213;ASIGNADO A LÍNEA;M-00609;2.32;;;RECEPCIÓN;;3,97;;;;12/03/2026;Enzo Santambrogio
c8143214;ASIGNADO A LÍNEA;M-00610;2.33;;;RECEPCIÓN;;0,09;;;;12/03/2026;Enzo Santambrogio
c8143215;ASIGNADO A LÍNEA;M-00611;2.34;;;RECEPCIÓN;;0,63;;;;12/03/2026;Enzo Santambrogio
c8143216;ASIGNADO A LÍNEA;M-00612;2.35;;;RECEPCIÓN;;2,13;;;;12/03/2026;Enzo Santambrogio
c8143217;ASIGNADO A LÍNEA;M-00613;2.36;;;RECEPCIÓN;;1,24;;;;12/03/2026;Enzo Santambrogio
c8143218;ASIGNADO A LÍNEA;M-00614;2.37;;;RECEPCIÓN;;3,89;;;;12/03/2026;Enzo Santambrogio
c8143219;ASIGNADO A LÍNEA;M-00615;2.38;;;RECEPCIÓN;;1,43;;;;12/03/2026;Enzo Santambrogio
c8143220;ASIGNADO A LÍNEA;M-00616;2.39;;;RECEPCIÓN;;0,18;;;;12/03/2026;Enzo Santambrogio
c8143221;ASIGNADO A LÍNEA;M-00617;2.40;;;RECEPCIÓN;;0,35;;;;12/03/2026;Enzo Santambrogio
c8143222;ASIGNADO A LÍNEA;M-00618;2.41;;;RECEPCIÓN;;0,18;;;;12/03/2026;Enzo Santambrogio
c8143223;ASIGNADO A LÍNEA;M-00619;2.42;;;RECEPCIÓN;;0,31;;;;12/03/2026;Enzo Santambrogio
c8143224;ASIGNADO A LÍNEA;M-00620;2.43;;;RECEPCIÓN;;0,09;;;;12/03/2026;Enzo Santambrogio
c8143225;ASIGNADO A LÍNEA;M-00621;2.44;;;RECEPCIÓN;;7,04;;;;12/03/2026;Enzo Santambrogio
c8143226;ASIGNADO A LÍNEA;M-00622;2.45;;;RECEPCIÓN;;0,14;;;;12/03/2026;Enzo Santambrogio
c8143227;ASIGNADO A LÍNEA;M-00623;2.46;;;RECEPCIÓN;;1,49;;;;12/03/2026;Enzo Santambrogio
c8143228;ASIGNADO A LÍNEA;M-00624;2.47;;;RECEPCIÓN;;0,18;;;;12/03/2026;Enzo Santambrogio
c8143229;ASIGNADO A LÍNEA;M-00625;2.48;;;RECEPCIÓN;;0,15;;;;12/03/2026;Enzo Santambrogio
c8143230;ASIGNADO A LÍNEA;M-00626;2.49;;;RECEPCIÓN;;0,82;;;;12/03/2026;Enzo Santambrogio
c8143231;ASIGNADO A LÍNEA;M-00627;2.50;;;RECEPCIÓN;;1;;;;12/03/2026;Enzo Santambrogio
c8143232;ASIGNADO A LÍNEA;M-00628;2.51;;;RECEPCIÓN;;6,96;;;;12/03/2026;Enzo Santambrogio
c8143233;ASIGNADO A LÍNEA;M-00629;2.52;;;RECEPCIÓN;;2,62;;;;12/03/2026;Enzo Santambrogio
c8143234;ASIGNADO A LÍNEA;M-00630;2.53;;;RECEPCIÓN;;0,12;;;;12/03/2026;Enzo Santambrogio
c8143235;ASIGNADO A LÍNEA;M-00631;2.54;;;RECEPCIÓN;;1,21;;;;12/03/2026;Enzo Santambrogio
c8143236;ASIGNADO A LÍNEA;M-00632;2.55;;;RECEPCIÓN;;1,41;;;;12/03/2026;Enzo Santambrogio
c8143237;ASIGNADO A LÍNEA;M-00633;2.56;;;RECEPCIÓN;;0,36;;;;12/03/2026;Enzo Santambrogio
c8143238;ASIGNADO A LÍNEA;M-00634;2.57;;;RECEPCIÓN;;9,12;;;;12/03/2026;Enzo Santambrogio
c8143239;ASIGNADO A LÍNEA;M-00635;2.58;;;RECEPCIÓN;;2,42;;;;12/03/2026;Enzo Santambrogio
c8143240;ASIGNADO A LÍNEA;M-00636;2.59;;;RECEPCIÓN;;4,28;;;;12/03/2026;Enzo Santambrogio
c8143241;ASIGNADO A LÍNEA;M-00637;2.60;;;RECEPCIÓN;;3,14;;;;12/03/2026;Enzo Santambrogio
c8143242;ASIGNADO A LÍNEA;M-00638;2.61;;;RECEPCIÓN;;0,1;;;;12/03/2026;Enzo Santambrogio
c8143243;ASIGNADO A LÍNEA;M-00639;2.62;;;RECEPCIÓN;;0,31;;;;12/03/2026;Enzo Santambrogio
c8143244;ASIGNADO A LÍNEA;M-00640;2.63;;;RECEPCIÓN;;0,23;;;;12/03/2026;Enzo Santambrogio
c8143245;ASIGNADO A LÍNEA;M-00641;2.64;;;RECEPCIÓN;;3,16;;;;12/03/2026;Enzo Santambrogio
c8143246;ASIGNADO A LÍNEA;M-00642;2.65;;;RECEPCIÓN;;12,82;;;;12/03/2026;Enzo Santambrogio
c8143247;ASIGNADO A LÍNEA;M-00643;2.66;;;RECEPCIÓN;;6,14;;;;12/03/2026;Enzo Santambrogio
c8143248;ASIGNADO A LÍNEA;M-00644;2.67;;;RECEPCIÓN;;1,82;;;;12/03/2026;Enzo Santambrogio
c8143249;ASIGNADO A LÍNEA;M-00645;2.68;;;RECEPCIÓN;;2,25;;;;12/03/2026;Enzo Santambrogio
c8143250;ASIGNADO A LÍNEA;M-00646;2.69;;;RECEPCIÓN;;2,37;;;;12/03/2026;Enzo Santambrogio
c8143251;ASIGNADO A LÍNEA;M-00647;2.70;;;RECEPCIÓN;;0,17;;;;12/03/2026;Enzo Santambrogio
c8143252;ASIGNADO A LÍNEA;M-00648;2.71;;;RECEPCIÓN;;0,85;;;;12/03/2026;Enzo Santambrogio
c8143253;ASIGNADO A LÍNEA;M-00649;2.72;;;RECEPCIÓN;;0,91;;;;12/03/2026;Enzo Santambrogio
c8143254;ASIGNADO A LÍNEA;M-00650;2.73;;;RECEPCIÓN;;6,03;;;;12/03/2026;Enzo Santambrogio
c8143255;ASIGNADO A LÍNEA;M-00651;2.74;;;RECEPCIÓN;;1,86;;;;12/03/2026;Enzo Santambrogio
c8143256;ASIGNADO A LÍNEA;M-00652;2.75;;;RECEPCIÓN;;0,26;;;;12/03/2026;Enzo Santambrogio
c8143257;ASIGNADO A LÍNEA;M-00653;2.76;;;RECEPCIÓN;;2,43;;;;12/03/2026;Enzo Santambrogio
c8143258;ASIGNADO A LÍNEA;M-00654;2.77;;;RECEPCIÓN;;0,19;;;;12/03/2026;Enzo Santambrogio
c8143259;ASIGNADO A LÍNEA;M-00655;2.78;;;RECEPCIÓN;;0,1;;;;12/03/2026;Enzo Santambrogio
c8143260;ASIGNADO A LÍNEA;M-00656;2.79;;;RECEPCIÓN;;0,1;;;;12/03/2026;Enzo Santambrogio
c8143261;ASIGNADO A LÍNEA;M-00657;2.80;;;RECEPCIÓN;;0,08;;;;12/03/2026;Enzo Santambrogio
c8143262;ASIGNADO A LÍNEA;M-00658;2.81;;;RECEPCIÓN;;0,09;;;;12/03/2026;Enzo Santambrogio
c8143263;ASIGNADO A LÍNEA;M-00659;2.82;;;RECEPCIÓN;;0,1;;;;12/03/2026;Enzo Santambrogio
c8143264;ASIGNADO A LÍNEA;M-00660;2.83;;;RECEPCIÓN;;0,11;;;;12/03/2026;Enzo Santambrogio
c8143265;ASIGNADO A LÍNEA;M-00661;2.84;;;RECEPCIÓN;;3,83;;;;12/03/2026;Enzo Santambrogio
c8143266;ASIGNADO A LÍNEA;M-00662;2.85;;;RECEPCIÓN;;0,11;;;;12/03/2026;Enzo Santambrogio
c8143267;ASIGNADO A LÍNEA;M-00663;2.86;;;RECEPCIÓN;;0,1;;;;12/03/2026;Enzo Santambrogio
c8143268;ASIGNADO A LÍNEA;M-00664;2.87;;;RECEPCIÓN;;3;;;;12/03/2026;Enzo Santambrogio
c8143269;ASIGNADO A LÍNEA;M-00665;2.88;;;RECEPCIÓN;;0,1;;;;12/03/2026;Enzo Santambrogio
c8143270;ASIGNADO A LÍNEA;M-00666;2.89;;;RECEPCIÓN;;0,09;;;;12/03/2026;Enzo Santambrogio
c8143271;ASIGNADO A LÍNEA;M-00667;2.90;;;RECEPCIÓN;;0,08;;;;12/03/2026;Enzo Santambrogio
c8143272;ASIGNADO A LÍNEA;M-00668;2.91;;;RECEPCIÓN;;3;;;;12/03/2026;Enzo Santambrogio
c8143273;ASIGNADO A LÍNEA;M-00669;2.92;;;RECEPCIÓN;;0,07;;;;12/03/2026;Enzo Santambrogio
c8143274;ASIGNADO A LÍNEA;M-00670;2.93;;;RECEPCIÓN;;0,15;;;;12/03/2026;Enzo Santambrogio
c8143275;ASIGNADO A LÍNEA;M-00671;2.94;;;RECEPCIÓN;;0,15;;;;12/03/2026;Enzo Santambrogio
c8143276;ASIGNADO A LÍNEA;M-00672;2.95;;;RECEPCIÓN;;6,44;;;;12/03/2026;Enzo Santambrogio
c8143277;ASIGNADO A LÍNEA;M-00673;2.96;;;RECEPCIÓN;;0,09;;;;12/03/2026;Enzo Santambrogio
c8143278;ASIGNADO A LÍNEA;M-00674;2.97;;;RECEPCIÓN;;14,26;;;;12/03/2026;Enzo Santambrogio
c8143279;ASIGNADO A LÍNEA;M-00675;2.98;;;RECEPCIÓN;;0,2;;;;12/03/2026;Enzo Santambrogio
c8143280;ASIGNADO A LÍNEA;M-00676;2.99;;;RECEPCIÓN;;0,2;;;;12/03/2026;Enzo Santambrogio
c8143281;ASIGNADO A LÍNEA;M-00677;2.100;;;RECEPCIÓN;;2,12;;;;12/03/2026;Enzo Santambrogio
c8143282;ASIGNADO A LÍNEA;M-00678;2.101;;;RECEPCIÓN;;8,08;;;;12/03/2026;Enzo Santambrogio
c8143283;ASIGNADO A LÍNEA;M-00679;2.102;;;RECEPCIÓN;;0,11;;;;12/03/2026;Enzo Santambrogio
c8143284;ASIGNADO A LÍNEA;M-00680;2.103;;;RECEPCIÓN;;2,77;;;;12/03/2026;Enzo Santambrogio
c8143285;ASIGNADO A LÍNEA;M-00681;2.104;;;RECEPCIÓN;;1,47;;;;12/03/2026;Enzo Santambrogio
c8143286;ASIGNADO A LÍNEA;M-00682;2.105;;;RECEPCIÓN;;0,91;;;;12/03/2026;Enzo Santambrogio
c8143287;ASIGNADO A LÍNEA;M-00683;2.106;;;RECEPCIÓN;;0,25;;;;12/03/2026;Enzo Santambrogio
c8143288;ASIGNADO A LÍNEA;M-00684;2.107;;;RECEPCIÓN;;1,94;;;;12/03/2026;Enzo Santambrogio
c8143289;ASIGNADO A LÍNEA;M-00685;2.108;;;RECEPCIÓN;;0,18;;;;12/03/2026;Enzo Santambrogio
c8143290;ASIGNADO A LÍNEA;M-00686;2.109;;;RECEPCIÓN;;1,5;;;;12/03/2026;Enzo Santambrogio
c8143291;ASIGNADO A LÍNEA;M-00687;2.110;;;RECEPCIÓN;;0,18;;;;12/03/2026;Enzo Santambrogio
c8143292;ASIGNADO A LÍNEA;M-00688;2.111;;;RECEPCIÓN;;11,1;;;;12/03/2026;Enzo Santambrogio
c8143293;ASIGNADO A LÍNEA;M-00689;2.112;;;RECEPCIÓN;;0,76;;;;12/03/2026;Enzo Santambrogio
c8143294;ASIGNADO A LÍNEA;M-00690;2.113;;;RECEPCIÓN;;0,12;;;;12/03/2026;Enzo Santambrogio
c8143295;ASIGNADO A LÍNEA;M-00691;2.114;;;RECEPCIÓN;;0,3;;;;12/03/2026;Enzo Santambrogio
c8143296;ASIGNADO A LÍNEA;M-00692;2.115;;;RECEPCIÓN;;10,86;;;;12/03/2026;Enzo Santambrogio
c8143297;ASIGNADO A LÍNEA;M-00693;2.116;;;RECEPCIÓN;;4,77;;;;12/03/2026;Enzo Santambrogio
c8143298;ASIGNADO A LÍNEA;M-00694;2.117;;;RECEPCIÓN;;2,62;;;;12/03/2026;Enzo Santambrogio
c8143299;ASIGNADO A LÍNEA;M-00695;2.118;;;RECEPCIÓN;;0,99;;;;12/03/2026;Enzo Santambrogio
c8143300;ASIGNADO A LÍNEA;M-00696;2.119;;;RECEPCIÓN;;0,95;;;;12/03/2026;Enzo Santambrogio
c8143301;ASIGNADO A LÍNEA;M-00697;2.120;;;RECEPCIÓN;;8,58;;;;12/03/2026;Enzo Santambrogio
c8143302;ASIGNADO A LÍNEA;M-00698;2.121;;;RECEPCIÓN;;1,14;;;;12/03/2026;Enzo Santambrogio
c8143303;ASIGNADO A LÍNEA;M-00699;2.122;;;RECEPCIÓN;;1,46;;;;12/03/2026;Enzo Santambrogio
c8143304;ASIGNADO A LÍNEA;M-00700;2.123;;;RECEPCIÓN;;1,8;;;;12/03/2026;Enzo Santambrogio
c8143305;ASIGNADO A LÍNEA;M-00701;2.124;;;RECEPCIÓN;;0,28;;;;12/03/2026;Enzo Santambrogio
c8143306;ASIGNADO A LÍNEA;M-00702;2.125;;;RECEPCIÓN;;1,64;;;;12/03/2026;Enzo Santambrogio
c8143307;ASIGNADO A LÍNEA;M-00703;2.126;;;RECEPCIÓN;;4,44;;;;12/03/2026;Enzo Santambrogio
c8143308;ASIGNADO A LÍNEA;M-00704;2.127;;;RECEPCIÓN;;1,44;;;;12/03/2026;Enzo Santambrogio
c8143309;ASIGNADO A LÍNEA;M-00705;2.128;;;RECEPCIÓN;;2,39;;;;12/03/2026;Enzo Santambrogio
c8143310;ASIGNADO A LÍNEA;M-00706;2.129;;;RECEPCIÓN;;0,16;;;;12/03/2026;Enzo Santambrogio
c8143311;ASIGNADO A LÍNEA;M-00707;2.130;;;RECEPCIÓN;;2,07;;;;12/03/2026;Enzo Santambrogio
c8143312;ASIGNADO A LÍNEA;M-00708;2.131;;;RECEPCIÓN;;1,13;;;;12/03/2026;Enzo Santambrogio
c8143313;ASIGNADO A LÍNEA;M-00709;2.132;;;RECEPCIÓN;;0,1;;;;12/03/2026;Enzo Santambrogio
c8143314;ASIGNADO A LÍNEA;M-00710;2.133;;;RECEPCIÓN;;0,45;;;;12/03/2026;Enzo Santambrogio
c8143315;ASIGNADO A LÍNEA;M-00711;2.134;;;RECEPCIÓN;;0,36;;;;12/03/2026;Enzo Santambrogio
c8143316;ASIGNADO A LÍNEA;M-00712;2.135;;;RECEPCIÓN;;0,89;;;;12/03/2026;Enzo Santambrogio
c8143317;ASIGNADO A LÍNEA;M-00713;2.136;;;RECEPCIÓN;;0,71;;;;12/03/2026;Enzo Santambrogio
c8143318;ASIGNADO A LÍNEA;M-00714;2.137;;;RECEPCIÓN;;2,08;;;;12/03/2026;Enzo Santambrogio
c8143319;ASIGNADO A LÍNEA;M-00715;2.138;;;RECEPCIÓN;;0,4;;;;12/03/2026;Enzo Santambrogio
c8143320;ASIGNADO A LÍNEA;M-00716;2.139;;;RECEPCIÓN;;4,1;;;;12/03/2026;Enzo Santambrogio
c8143321;ASIGNADO A LÍNEA;M-00717;2.140;;;RECEPCIÓN;;0,99;;;;12/03/2026;Enzo Santambrogio
c8143322;ASIGNADO A LÍNEA;M-00718;2.141;;;RECEPCIÓN;;0,9;;;;12/03/2026;Enzo Santambrogio
c8143323;ASIGNADO A LÍNEA;M-00719;2.142;;;RECEPCIÓN;;1,07;;;;12/03/2026;Enzo Santambrogio
c8143324;ASIGNADO A LÍNEA;M-00720;2.143;;;RECEPCIÓN;;1,44;;;;12/03/2026;Enzo Santambrogio
c8143325;ASIGNADO A LÍNEA;M-00721;2.144;;;RECEPCIÓN;;1,04;;;;12/03/2026;Enzo Santambrogio
c8143326;ASIGNADO A LÍNEA;M-00722;2.145;;;RECEPCIÓN;;1,05;;;;12/03/2026;Enzo Santambrogio
c8143327;ASIGNADO A LÍNEA;M-00723;2.146;;;RECEPCIÓN;;0,33;;;;12/03/2026;Enzo Santambrogio
c8143328;ASIGNADO A LÍNEA;M-00724;2.147;;;RECEPCIÓN;;11,86;;;;12/03/2026;Enzo Santambrogio
c8143329;ASIGNADO A LÍNEA;M-00725;2.148;;;RECEPCIÓN;;2,89;;;;12/03/2026;Enzo Santambrogio
c8143330;ASIGNADO A LÍNEA;M-00726;2.149;;;RECEPCIÓN;;0,2;;;;12/03/2026;Enzo Santambrogio
c8143331;ASIGNADO A LÍNEA;M-00727;2.150;;;RECEPCIÓN;;8,36;;;;12/03/2026;Enzo Santambrogio
c8143332;ASIGNADO A LÍNEA;M-00728;2.151;;;RECEPCIÓN;;1,99;;;;12/03/2026;Enzo Santambrogio
c8143333;ASIGNADO A LÍNEA;M-00729;2.152;;;RECEPCIÓN;;2,43;;;;12/03/2026;Enzo Santambrogio
c8143334;ASIGNADO A LÍNEA;M-00730;2.153;;;RECEPCIÓN;;1,49;;;;12/03/2026;Enzo Santambrogio
c8143335;ASIGNADO A LÍNEA;M-00731;2.154;;;RECEPCIÓN;;1,92;;;;12/03/2026;Enzo Santambrogio
c8143336;ASIGNADO A LÍNEA;M-00732;3.37;;;RECEPCIÓN;;2,44;;;;12/03/2026;Enzo Santambrogio
c8143337;ASIGNADO A LÍNEA;M-00733;3.38;;;RECEPCIÓN;;0,89;;;;12/03/2026;Enzo Santambrogio
c8143338;ASIGNADO A LÍNEA;M-00734;3.39;;;RECEPCIÓN;;0,28;;;;12/03/2026;Enzo Santambrogio
c8143339;ASIGNADO A LÍNEA;M-00735;3.40;;;RECEPCIÓN;;0,69;;;;12/03/2026;Enzo Santambrogio
c8143340;ASIGNADO A LÍNEA;M-00736;3.41;;;RECEPCIÓN;;0,24;;;;12/03/2026;Enzo Santambrogio
c8143341;ASIGNADO A LÍNEA;M-00737;3.42;;;RECEPCIÓN;;0,24;;;;12/03/2026;Enzo Santambrogio
c8143342;ASIGNADO A LÍNEA;M-00738;3.43;;;RECEPCIÓN;;1,1;;;;12/03/2026;Enzo Santambrogio
c8143343;ASIGNADO A LÍNEA;M-00739;3.44;;;RECEPCIÓN;;1,99;;;;12/03/2026;Enzo Santambrogio
c8143344;ASIGNADO A LÍNEA;M-00740;3.45;;;RECEPCIÓN;;1,48;;;;12/03/2026;Enzo Santambrogio
c8143345;ASIGNADO A LÍNEA;M-00741;3.46;;;RECEPCIÓN;;3,01;;;;12/03/2026;Enzo Santambrogio
c8143346;ASIGNADO A LÍNEA;M-00742;3.47;;;RECEPCIÓN;;2,35;;;;12/03/2026;Enzo Santambrogio
c8143347;ASIGNADO A LÍNEA;M-00743;3.48;;;RECEPCIÓN;;1,43;;;;12/03/2026;Enzo Santambrogio
c8143348;ASIGNADO A LÍNEA;M-00744;3.49;;;RECEPCIÓN;;2,2;;;;12/03/2026;Enzo Santambrogio
c8143349;ASIGNADO A LÍNEA;M-00745;3.50;;;RECEPCIÓN;;0,24;;;;12/03/2026;Enzo Santambrogio
c8143350;ASIGNADO A LÍNEA;M-00746;3.51;;;RECEPCIÓN;;6,48;;;;12/03/2026;Enzo Santambrogio
c8143351;ASIGNADO A LÍNEA;M-00747;3.52;;;RECEPCIÓN;;0,28;;;;12/03/2026;Enzo Santambrogio
c8143352;ASIGNADO A LÍNEA;M-00748;3.53;;;RECEPCIÓN;;0,44;;;;12/03/2026;Enzo Santambrogio
c8143353;ASIGNADO A LÍNEA;M-00749;3.54;;;RECEPCIÓN;;0,08;;;;12/03/2026;Enzo Santambrogio
c8143354;ASIGNADO A LÍNEA;M-00750;3.55;;;RECEPCIÓN;;0,08;;;;12/03/2026;Enzo Santambrogio
c8143355;ASIGNADO A LÍNEA;M-00751;3.56;;;RECEPCIÓN;;0,68;;;;12/03/2026;Enzo Santambrogio
c8143356;ASIGNADO A LÍNEA;M-00752;3.57;;;RECEPCIÓN;;0,1;;;;12/03/2026;Enzo Santambrogio
c8143357;ASIGNADO A LÍNEA;M-00753;3.58;;;RECEPCIÓN;;0,08;;;;12/03/2026;Enzo Santambrogio
c8143358;ASIGNADO A LÍNEA;M-00754;3.59;;;RECEPCIÓN;;0,1;;;;12/03/2026;Enzo Santambrogio
c8143359;ASIGNADO A LÍNEA;M-00755;3.60;;;RECEPCIÓN;;0,3;;;;12/03/2026;Enzo Santambrogio
c8143360;ASIGNADO A LÍNEA;M-00756;3.61;;;RECEPCIÓN;;0,12;;;;12/03/2026;Enzo Santambrogio
c8143361;ASIGNADO A LÍNEA;M-00757;3.62;;;RECEPCIÓN;;0,1;;;;12/03/2026;Enzo Santambrogio
c8143362;ASIGNADO A LÍNEA;M-00758;3.63;;;RECEPCIÓN;;0,1;;;;12/03/2026;Enzo Santambrogio
c8143363;ASIGNADO A LÍNEA;M-00759;3.64;;;RECEPCIÓN;;0,16;;;;12/03/2026;Enzo Santambrogio
c8143364;ASIGNADO A LÍNEA;M-00760;3.65;;;RECEPCIÓN;;0,1;;;;12/03/2026;Enzo Santambrogio
;;;;;;;;;;;;;
